gene	accession	sysname	field	track_A_value	track_B_value	track_C_value	AB_agree	AC_agree	BC_agree
CD3G	A0004	c.205A>T	c_hgvs		NC_000011.10(NM_001440319.1):c.205A>T	NC_000011.10(NM_000073.3):c.205A>T	N/A	N/A	False
CFP	P0003	c.477C>T	c_hgvs		NC_000023.11(NM_002621.2):c.477C>T	NC_000023.11(NM_001145252.3):c.477C>T	N/A	N/A	False
CFP	P0003	c.477C>T	r_hgvs		NC_000023.11(NM_001145252.3):r.(477c>u)	NC_000023.11(NM_002621.2):r.(477c>u)	N/A	N/A	False
CFP	P0003	c.477C>T	p_hgvs		NC_000023.11(NP_001138724.1):p.(=)	NC_000023.11(NP_002612.1):p.(=)	N/A	N/A	False
CFP	P0004	c.477C>T	c_hgvs		NC_000023.11(NM_002621.2):c.477C>T	NC_000023.11(NM_001145252.3):c.477C>T	N/A	N/A	False
CFP	P0004	c.477C>T	r_hgvs		NC_000023.11(NM_001145252.3):r.(477c>u)	NC_000023.11(NM_002621.2):r.(477c>u)	N/A	N/A	False
CFP	P0004	c.477C>T	p_hgvs		NC_000023.11(NP_001138724.1):p.(=)	NC_000023.11(NP_002612.1):p.(=)	N/A	N/A	False
CFP	P0005	c.477C>T	c_hgvs		NC_000023.11(NM_002621.2):c.477C>T	NC_000023.11(NM_001145252.3):c.477C>T	N/A	N/A	False
CFP	P0005	c.477C>T	r_hgvs		NC_000023.11(NM_001145252.3):r.(477c>u)	NC_000023.11(NM_002621.2):r.(477c>u)	N/A	N/A	False
CFP	P0005	c.477C>T	p_hgvs		NC_000023.11(NP_001138724.1):p.(=)	NC_000023.11(NP_002612.1):p.(=)	N/A	N/A	False
CFP	P0006	c.477C>T	c_hgvs		NC_000023.11(NM_002621.2):c.477C>T	NC_000023.11(NM_001145252.3):c.477C>T	N/A	N/A	False
CFP	P0006	c.477C>T	r_hgvs		NC_000023.11(NM_001145252.3):r.(477c>u)	NC_000023.11(NM_002621.2):r.(477c>u)	N/A	N/A	False
CFP	P0006	c.477C>T	p_hgvs		NC_000023.11(NP_001138724.1):p.(=)	NC_000023.11(NP_002612.1):p.(=)	N/A	N/A	False
CFP	P0009	c.1203T>G	c_hgvs		NC_000023.11(NM_002621.2):c.1203T>G	NC_000023.11(NM_001145252.3):c.1203T>G	N/A	N/A	False
CFP	P0009	c.1203T>G	r_hgvs		NC_000023.11(NM_001145252.3):r.(1203u>g)	NC_000023.11(NM_002621.2):r.(1203u>g)	N/A	N/A	False
CFP	P0009	c.1203T>G	p_hgvs		NC_000023.11(NP_001138724.1):p.(=)	NC_000023.11(NP_002612.1):p.(=)	N/A	N/A	False
CFP	P0012	c.477C>T	c_hgvs		NC_000023.11(NM_002621.2):c.477C>T	NC_000023.11(NM_001145252.3):c.477C>T	N/A	N/A	False
CFP	P0012	c.477C>T	r_hgvs		NC_000023.11(NM_001145252.3):r.(477c>u)	NC_000023.11(NM_002621.2):r.(477c>u)	N/A	N/A	False
CFP	P0012	c.477C>T	p_hgvs		NC_000023.11(NP_001138724.1):p.(=)	NC_000023.11(NP_002612.1):p.(=)	N/A	N/A	False
CFP	P0013	c.859C>G	c_hgvs		NC_000023.11(NM_002621.2):c.859C>G	NC_000023.11(NM_001145252.3):c.859C>G	N/A	N/A	False
CFP	P0013	c.859C>G	r_hgvs		NC_000023.11(NM_001145252.3):r.(859c>g)	NC_000023.11(NM_002621.2):r.(859c>g)	N/A	N/A	False
CFP	P0013	c.859C>G	p_hgvs		NC_000023.11(NP_001138724.1):p.(Pro287Ala)	NC_000023.11(NP_002612.1):p.(Pro287Ala)	N/A	N/A	False
CFP	P0014	c.859C>G	c_hgvs		NC_000023.11(NM_002621.2):c.859C>G	NC_000023.11(NM_001145252.3):c.859C>G	N/A	N/A	False
CFP	P0014	c.859C>G	r_hgvs		NC_000023.11(NM_001145252.3):r.(859c>g)	NC_000023.11(NM_002621.2):r.(859c>g)	N/A	N/A	False
CFP	P0014	c.859C>G	p_hgvs		NC_000023.11(NP_001138724.1):p.(Pro287Ala)	NC_000023.11(NP_002612.1):p.(Pro287Ala)	N/A	N/A	False
CFP	P0021	c.1204G>C	c_hgvs		NC_000023.11(NM_002621.2):c.1204G>C	NC_000023.11(NM_001145252.3):c.1204G>C	N/A	N/A	False
CFP	P0021	c.1204G>C	r_hgvs		NC_000023.11(NM_001145252.3):r.(1204g>c)	NC_000023.11(NM_002621.2):r.(1204g>c)	N/A	N/A	False
CFP	P0021	c.1204G>C	p_hgvs		NC_000023.11(NP_001138724.1):p.(Ala402Pro)	NC_000023.11(NP_002612.1):p.(Ala402Pro)	N/A	N/A	False
CFP	P0022	c.1204G>C	c_hgvs		NC_000023.11(NM_002621.2):c.1204G>C	NC_000023.11(NM_001145252.3):c.1204G>C	N/A	N/A	False
CFP	P0022	c.1204G>C	r_hgvs		NC_000023.11(NM_001145252.3):r.(1204g>c)	NC_000023.11(NM_002621.2):r.(1204g>c)	N/A	N/A	False
CFP	P0022	c.1204G>C	p_hgvs		NC_000023.11(NP_001138724.1):p.(Ala402Pro)	NC_000023.11(NP_002612.1):p.(Ala402Pro)	N/A	N/A	False
CFP	P0023	c.1204G>C	c_hgvs		NC_000023.11(NM_002621.2):c.1204G>C	NC_000023.11(NM_001145252.3):c.1204G>C	N/A	N/A	False
CFP	P0023	c.1204G>C	r_hgvs		NC_000023.11(NM_001145252.3):r.(1204g>c)	NC_000023.11(NM_002621.2):r.(1204g>c)	N/A	N/A	False
CFP	P0023	c.1204G>C	p_hgvs		NC_000023.11(NP_001138724.1):p.(Ala402Pro)	NC_000023.11(NP_002612.1):p.(Ala402Pro)	N/A	N/A	False
CFP	P0024	c.1204G>C	c_hgvs		NC_000023.11(NM_002621.2):c.1204G>C	NC_000023.11(NM_001145252.3):c.1204G>C	N/A	N/A	False
CFP	P0024	c.1204G>C	r_hgvs		NC_000023.11(NM_001145252.3):r.(1204g>c)	NC_000023.11(NM_002621.2):r.(1204g>c)	N/A	N/A	False
CFP	P0024	c.1204G>C	p_hgvs		NC_000023.11(NP_001138724.1):p.(Ala402Pro)	NC_000023.11(NP_002612.1):p.(Ala402Pro)	N/A	N/A	False
CFP	P0025	c.1204G>C	c_hgvs		NC_000023.11(NM_002621.2):c.1204G>C	NC_000023.11(NM_001145252.3):c.1204G>C	N/A	N/A	False
CFP	P0025	c.1204G>C	r_hgvs		NC_000023.11(NM_001145252.3):r.(1204g>c)	NC_000023.11(NM_002621.2):r.(1204g>c)	N/A	N/A	False
CFP	P0025	c.1204G>C	p_hgvs		NC_000023.11(NP_001138724.1):p.(Ala402Pro)	NC_000023.11(NP_002612.1):p.(Ala402Pro)	N/A	N/A	False
CFP	P0028	c.1203T>G	c_hgvs		NC_000023.11(NM_002621.2):c.1203T>G	NC_000023.11(NM_001145252.3):c.1203T>G	N/A	N/A	False
CFP	P0028	c.1203T>G	r_hgvs		NC_000023.11(NM_001145252.3):r.(1203u>g)	NC_000023.11(NM_002621.2):r.(1203u>g)	N/A	N/A	False
CFP	P0028	c.1203T>G	p_hgvs		NC_000023.11(NP_001138724.1):p.(=)	NC_000023.11(NP_002612.1):p.(=)	N/A	N/A	False
CFP	P0029	c.1203T>G	c_hgvs		NC_000023.11(NM_002621.2):c.1203T>G	NC_000023.11(NM_001145252.3):c.1203T>G	N/A	N/A	False
CFP	P0029	c.1203T>G	r_hgvs		NC_000023.11(NM_001145252.3):r.(1203u>g)	NC_000023.11(NM_002621.2):r.(1203u>g)	N/A	N/A	False
CFP	P0029	c.1203T>G	p_hgvs		NC_000023.11(NP_001138724.1):p.(=)	NC_000023.11(NP_002612.1):p.(=)	N/A	N/A	False
CFP	P0030	c.1203T>G	c_hgvs		NC_000023.11(NM_002621.2):c.1203T>G	NC_000023.11(NM_001145252.3):c.1203T>G	N/A	N/A	False
CFP	P0030	c.1203T>G	r_hgvs		NC_000023.11(NM_001145252.3):r.(1203u>g)	NC_000023.11(NM_002621.2):r.(1203u>g)	N/A	N/A	False
CFP	P0030	c.1203T>G	p_hgvs		NC_000023.11(NP_001138724.1):p.(=)	NC_000023.11(NP_002612.1):p.(=)	N/A	N/A	False
CFP	P0031	c.1203T>G	c_hgvs		NC_000023.11(NM_002621.2):c.1203T>G	NC_000023.11(NM_001145252.3):c.1203T>G	N/A	N/A	False
CFP	P0031	c.1203T>G	r_hgvs		NC_000023.11(NM_001145252.3):r.(1203u>g)	NC_000023.11(NM_002621.2):r.(1203u>g)	N/A	N/A	False
CFP	P0031	c.1203T>G	p_hgvs		NC_000023.11(NP_001138724.1):p.(=)	NC_000023.11(NP_002612.1):p.(=)	N/A	N/A	False
CFP	P0032	c.1203T>G	c_hgvs		NC_000023.11(NM_002621.2):c.1203T>G	NC_000023.11(NM_001145252.3):c.1203T>G	N/A	N/A	False
CFP	P0032	c.1203T>G	r_hgvs		NC_000023.11(NM_001145252.3):r.(1203u>g)	NC_000023.11(NM_002621.2):r.(1203u>g)	N/A	N/A	False
CFP	P0032	c.1203T>G	p_hgvs		NC_000023.11(NP_001138724.1):p.(=)	NC_000023.11(NP_002612.1):p.(=)	N/A	N/A	False
CFP	P0033	c.1203T>G	c_hgvs		NC_000023.11(NM_002621.2):c.1203T>G	NC_000023.11(NM_001145252.3):c.1203T>G	N/A	N/A	False
CFP	P0033	c.1203T>G	r_hgvs		NC_000023.11(NM_001145252.3):r.(1203u>g)	NC_000023.11(NM_002621.2):r.(1203u>g)	N/A	N/A	False
CFP	P0033	c.1203T>G	p_hgvs		NC_000023.11(NP_001138724.1):p.(=)	NC_000023.11(NP_002612.1):p.(=)	N/A	N/A	False
CFP	P0034	c.1203T>G	c_hgvs		NC_000023.11(NM_002621.2):c.1203T>G	NC_000023.11(NM_001145252.3):c.1203T>G	N/A	N/A	False
CFP	P0034	c.1203T>G	r_hgvs		NC_000023.11(NM_001145252.3):r.(1203u>g)	NC_000023.11(NM_002621.2):r.(1203u>g)	N/A	N/A	False
CFP	P0034	c.1203T>G	p_hgvs		NC_000023.11(NP_001138724.1):p.(=)	NC_000023.11(NP_002612.1):p.(=)	N/A	N/A	False
CFP	P0036	c.801C>T	c_hgvs		NC_000023.11(NM_002621.2):c.801C>T	NC_000023.11(NM_001145252.3):c.801C>T	N/A	N/A	False
CFP	P0036	c.801C>T	r_hgvs		NC_000023.11(NM_001145252.3):r.(801c>u)	NC_000023.11(NM_002621.2):r.(801c>u)	N/A	N/A	False
CFP	P0036	c.801C>T	p_hgvs		NC_000023.11(NP_001138724.1):p.(=)	NC_000023.11(NP_002612.1):p.(=)	N/A	N/A	False
CXCR4	C0001	c.1000C>T	c_hgvs		NC_000002.12(NM_001348059.2):c.1099C>T	NC_000002.12(NM_003467.3):c.1000C>T	N/A	N/A	False
CXCR4	C0002	c.1000C>T	c_hgvs		NC_000002.12(NM_001348059.2):c.1099C>T	NC_000002.12(NM_003467.3):c.1000C>T	N/A	N/A	False
CXCR4	C0003	c.1000C>T	c_hgvs		NC_000002.12(NM_001348059.2):c.1099C>T	NC_000002.12(NM_003467.3):c.1000C>T	N/A	N/A	False
CXCR4	C0004	c.1000C>T	c_hgvs		NC_000002.12(NM_001348059.2):c.1099C>T	NC_000002.12(NM_003467.3):c.1000C>T	N/A	N/A	False
CXCR4	C0005	c.1000C>T	c_hgvs		NC_000002.12(NM_001348059.2):c.1099C>T	NC_000002.12(NM_003467.3):c.1000C>T	N/A	N/A	False
CXCR4	C0006	c.1000C>T	c_hgvs		NC_000002.12(NM_001348059.2):c.1099C>T	NC_000002.12(NM_003467.3):c.1000C>T	N/A	N/A	False
CXCR4	C0007	c.1000C>T	c_hgvs		NC_000002.12(NM_001348059.2):c.1099C>T	NC_000002.12(NM_003467.3):c.1000C>T	N/A	N/A	False
CXCR4	C0008	c.1000C>T	c_hgvs		NC_000002.12(NM_001348059.2):c.1099C>T	NC_000002.12(NM_003467.3):c.1000C>T	N/A	N/A	False
CXCR4	C0009	c.1000C>T	c_hgvs		NC_000002.12(NM_001348059.2):c.1099C>T	NC_000002.12(NM_003467.3):c.1000C>T	N/A	N/A	False
CXCR4	C0010	c.1000C>T	c_hgvs		NC_000002.12(NM_001348059.2):c.1099C>T	NC_000002.12(NM_003467.3):c.1000C>T	N/A	N/A	False
CXCR4	C0011	c.1000C>T	c_hgvs		NC_000002.12(NM_001348059.2):c.1099C>T	NC_000002.12(NM_003467.3):c.1000C>T	N/A	N/A	False
CXCR4	C0012	c.1000C>T	c_hgvs		NC_000002.12(NM_001348059.2):c.1099C>T	NC_000002.12(NM_003467.3):c.1000C>T	N/A	N/A	False
CXCR4	C0013	c.1000C>T	c_hgvs		NC_000002.12(NM_001348059.2):c.1099C>T	NC_000002.12(NM_003467.3):c.1000C>T	N/A	N/A	False
CXCR4	C0014	c.1027G>T	c_hgvs		NC_000002.12(NM_001348059.2):c.1126G>T	NC_000002.12(NM_003467.3):c.1027G>T	N/A	N/A	False
CXCR4	C0015	c.1027G>T	c_hgvs		NC_000002.12(NM_001348059.2):c.1126G>T	NC_000002.12(NM_003467.3):c.1027G>T	N/A	N/A	False
CXCR4	C0016	c.1016_1017delCT	c_hgvs		NC_000002.12(NM_001348059.2):c.1115_1116del	NC_000002.12(NM_003467.3):c.1016_1017del	N/A	N/A	False
CXCR4	C0017	c.1016_1017delCT	c_hgvs		NC_000002.12(NM_001348059.2):c.1115_1116del	NC_000002.12(NM_003467.3):c.1016_1017del	N/A	N/A	False
CXCR4	C0019	c.1000C>T	c_hgvs		NC_000002.12(NM_001348059.2):c.1099C>T	NC_000002.12(NM_003467.3):c.1000C>T	N/A	N/A	False
CXCR4	C0020	c.1006G>T	c_hgvs		NC_000002.12(NM_001348059.2):c.1105G>T	NC_000002.12(NM_003467.3):c.1006G>T	N/A	N/A	False
CXCR4	C0021	c.1006G>T	c_hgvs		NC_000002.12(NM_001348059.2):c.1105G>T	NC_000002.12(NM_003467.3):c.1006G>T	N/A	N/A	False
CXCR4	C0022	c.1013C>G	c_hgvs		NC_000002.12(NM_001348059.2):c.1112C>G	NC_000002.12(NM_003467.3):c.1013C>G	N/A	N/A	False
CXCR4	C0023	c.1013C>G	c_hgvs		NC_000002.12(NM_001348059.2):c.1112C>G	NC_000002.12(NM_003467.3):c.1013C>G	N/A	N/A	False
CXCR4	C0024	c.1000C>T	c_hgvs		NC_000002.12(NM_001348059.2):c.1099C>T	NC_000002.12(NM_003467.3):c.1000C>T	N/A	N/A	False
CXCR4	C0025	c.1016_1017delCT	c_hgvs		NC_000002.12(NM_001348059.2):c.1115_1116del	NC_000002.12(NM_003467.3):c.1016_1017del	N/A	N/A	False
CXCR4	C0026	c.1013C>G	c_hgvs		NC_000002.12(NM_001348059.2):c.1112C>G	NC_000002.12(NM_003467.3):c.1013C>G	N/A	N/A	False
CXCR4	C0027	c.1000C>T	c_hgvs		NC_000002.12(NM_001348059.2):c.1099C>T	NC_000002.12(NM_003467.3):c.1000C>T	N/A	N/A	False
CXCR4	C0028	c.1021delT	c_hgvs		NC_000002.12(NM_001348059.2):c.1120del	NC_000002.12(NM_003467.3):c.1021del	N/A	N/A	False
CXCR4	C0029	c.1000C>T	c_hgvs		NC_000002.12(NM_001348059.2):c.1099C>T	NC_000002.12(NM_003467.3):c.1000C>T	N/A	N/A	False
CXCR4	C0030	c.1000C>T	c_hgvs		NC_000002.12(NM_001348059.2):c.1099C>T	NC_000002.12(NM_003467.3):c.1000C>T	N/A	N/A	False
CXCR4	C0031	c.1000C>T	c_hgvs		NC_000002.12(NM_001348059.2):c.1099C>T	NC_000002.12(NM_003467.3):c.1000C>T	N/A	N/A	False
CXCR4	C0032	c.1000C>T	c_hgvs		NC_000002.12(NM_001348059.2):c.1099C>T	NC_000002.12(NM_003467.3):c.1000C>T	N/A	N/A	False
CXCR4	C0033	c.1013C>G	c_hgvs		NC_000002.12(NM_001348059.2):c.1112C>G	NC_000002.12(NM_003467.3):c.1013C>G	N/A	N/A	False
CXCR4	C0034	c.1013C>G	c_hgvs		NC_000002.12(NM_001348059.2):c.1112C>G	NC_000002.12(NM_003467.3):c.1013C>G	N/A	N/A	False
CYBB	A0001	c.781_782delCA	c_hgvs		NC_000023.11(XM_047441855.1):c.475_476del	NC_000023.11(NM_000397.4):c.781_782del	N/A	N/A	False
CYBB	A0002	c.742dupA	c_hgvs		NC_000023.11(XM_047441855.1):c.436dup	NC_000023.11(NM_000397.4):c.742dup	N/A	N/A	False
CYBB	A0003	c.45+5G>A	c_hgvs		NC_000023.11(XM_047441855.1):c.-3652G>A	NC_000023.11(NM_000397.4):c.45+5G>A	N/A	N/A	False
CYBB	A0004	c.1166G>C	c_hgvs		NC_000023.11(XM_047441855.1):c.860G>C	NC_000023.11(NM_000397.4):c.1166G>C	N/A	N/A	False
CYBB	A0005	c.804+2T>A	c_hgvs		NC_000023.11(XM_047441855.1):c.498+2T>A	NC_000023.11(NM_000397.4):c.804+2T>A	N/A	N/A	False
CYBB	A0006	c.625C>T	c_hgvs		NC_000023.11(XM_047441855.1):c.319C>T	NC_000023.11(NM_000397.4):c.625C>T	N/A	N/A	False
CYBB	A0007	c.356dupA	c_hgvs		NC_000023.11(XM_047441855.1):c.50dup	NC_000023.11(NM_000397.4):c.356dup	N/A	N/A	False
CYBB	A0008	c.217C>T	c_hgvs		NC_000023.11(XM_047441855.1):c.-214C>T	NC_000023.11(NM_000397.4):c.217C>T	N/A	N/A	False
CYBB	A0009	c.483+3A>T	c_hgvs		NC_000023.11(XM_047441855.1):c.177+3A>T	NC_000023.11(NM_000397.4):c.483+3A>T	N/A	N/A	False
CYBB	A0010	c.646_648delTTC	c_hgvs		NC_000023.11(XM_047441855.1):c.340_342del	NC_000023.11(NM_000397.4):c.646_648del	N/A	N/A	False
CYBB	A0011	c.242delG	c_hgvs		NC_000023.11(XM_047441855.1):c.-189del	NC_000023.11(NM_000397.4):c.242del	N/A	N/A	False
CYBB	A0012	c.621C>A	c_hgvs		NC_000023.11(XM_047441855.1):c.315C>A	NC_000023.11(NM_000397.4):c.621C>A	N/A	N/A	False
CYBB	A0013	c.1223G>A	c_hgvs		NC_000023.11(XM_047441855.1):c.917G>A	NC_000023.11(NM_000397.4):c.1223G>A	N/A	N/A	False
CYBB	A0014	c.1012C>T	c_hgvs		NC_000023.11(XM_047441855.1):c.706C>T	NC_000023.11(NM_000397.4):c.1012C>T	N/A	N/A	False
CYBB	A0015	c.318G>A	c_hgvs		NC_000023.11(XM_047441855.1):c.12G>A	NC_000023.11(NM_000397.4):c.318G>A	N/A	N/A	False
CYBB	A0016	c.1223G>A	c_hgvs		NC_000023.11(XM_047441855.1):c.917G>A	NC_000023.11(NM_000397.4):c.1223G>A	N/A	N/A	False
CYBB	A0017	c.302A>G	c_hgvs		NC_000023.11(XM_047441855.1):c.-5A>G	NC_000023.11(NM_000397.4):c.302A>G	N/A	N/A	False
CYBB	A0018	c.121delT	c_hgvs		NC_000023.11(XM_047441855.1):c.-1616del	NC_000023.11(NM_000397.4):c.121del	N/A	N/A	False
CYBB	A0019	c.1499A>G	c_hgvs		NC_000023.11(XM_047441855.1):c.1193A>G	NC_000023.11(NM_000397.4):c.1499A>G	N/A	N/A	False
CYBB	A0020	c.781C>T	c_hgvs		NC_000023.11(XM_047441855.1):c.475C>T	NC_000023.11(NM_000397.4):c.781C>T	N/A	N/A	False
CYBB	A0021	c.738_739delinsT	c_hgvs		NC_000023.11(XM_047441855.1):c.432_433delinsT	NC_000023.11(NM_000397.4):c.738_739delinsT	N/A	N/A	False
CYBB	A0022	c.252G>A	c_hgvs		NC_000023.11(XM_047441855.1):c.-179G>A	NC_000023.11(NM_000397.4):c.252G>A	N/A	N/A	False
CYBB	A0023	c.252+5G>A	c_hgvs		NC_000023.11(XM_047441855.1):c.-179+5G>A	NC_000023.11(NM_000397.4):c.252+5G>A	N/A	N/A	False
CYBB	A0024	c.99T>A	c_hgvs		NC_000023.11(XM_047441855.1):c.-1638T>A	NC_000023.11(NM_000397.4):c.99T>A	N/A	N/A	False
CYBB	A0025	c.1561A>T	c_hgvs		NC_000023.11(XM_047441855.1):c.1255A>T	NC_000023.11(NM_000397.4):c.1561A>T	N/A	N/A	False
CYBB	A0029	c.271C>T	c_hgvs		NC_000023.11(XM_047441855.1):c.-36C>T	NC_000023.11(NM_000397.4):c.271C>T	N/A	N/A	False
CYBB	A0045	c.868C>T	c_hgvs		NC_000023.11(XM_047441855.1):c.562C>T	NC_000023.11(NM_000397.4):c.868C>T	N/A	N/A	False
CYBB	A0046	c.868C>T	c_hgvs		NC_000023.11(XM_047441855.1):c.562C>T	NC_000023.11(NM_000397.4):c.868C>T	N/A	N/A	False
CYBB	A0047	c.816G>A	c_hgvs		NC_000023.11(XM_047441855.1):c.510G>A	NC_000023.11(NM_000397.4):c.816G>A	N/A	N/A	False
CYBB	A0048	c.1244C>A	c_hgvs		NC_000023.11(XM_047441855.1):c.938C>A	NC_000023.11(NM_000397.4):c.1244C>A	N/A	N/A	False
CYBB	A0049	c.1244C>A	c_hgvs		NC_000023.11(XM_047441855.1):c.938C>A	NC_000023.11(NM_000397.4):c.1244C>A	N/A	N/A	False
CYBB	A0050	c.158C>A	c_hgvs		NC_000023.11(XM_047441855.1):c.-273C>A	NC_000023.11(NM_000397.4):c.158C>A	N/A	N/A	False
CYBB	A0051	c.674+4_674+7delAGTG	c_hgvs		NC_000023.11(XM_047441855.1):c.368+4_368+7del	NC_000023.11(NM_000397.4):c.674+4_674+7del	N/A	N/A	False
CYBB	A0052	c.674+4_674+7delAGTG	c_hgvs		NC_000023.11(XM_047441855.1):c.368+4_368+7del	NC_000023.11(NM_000397.4):c.674+4_674+7del	N/A	N/A	False
CYBB	A0053	c.1313delA	c_hgvs		NC_000023.11(XM_047441855.1):c.1007del	NC_000023.11(NM_000397.4):c.1313del	N/A	N/A	False
CYBB	A0054	c.1313delA	c_hgvs		NC_000023.11(XM_047441855.1):c.1007del	NC_000023.11(NM_000397.4):c.1313del	N/A	N/A	False
CYBB	A0055	c.466G>A	c_hgvs		NC_000023.11(XM_047441855.1):c.160G>A	NC_000023.11(NM_000397.4):c.466G>A	N/A	N/A	False
CYBB	A0056	c.1075G>A	c_hgvs		NC_000023.11(XM_047441855.1):c.769G>A	NC_000023.11(NM_000397.4):c.1075G>A	N/A	N/A	False
CYBB	A0057	c.321dupG	c_hgvs		NC_000023.11(XM_047441855.1):c.15dup	NC_000023.11(NM_000397.4):c.321dup	N/A	N/A	False
CYBB	A0058	c.646_648delTTC	c_hgvs		NC_000023.11(XM_047441855.1):c.340_342del	NC_000023.11(NM_000397.4):c.646_648del	N/A	N/A	False
CYBB	A0059	c.1555G>T	c_hgvs		NC_000023.11(XM_047441855.1):c.1249G>T	NC_000023.11(NM_000397.4):c.1555G>T	N/A	N/A	False
CYBB	A0060	c.613T>A	c_hgvs		NC_000023.11(XM_047441855.1):c.307T>A	NC_000023.11(NM_000397.4):c.613T>A	N/A	N/A	False
CYBB	A0061	c.742dupA	c_hgvs		NC_000023.11(XM_047441855.1):c.436dup	NC_000023.11(NM_000397.4):c.742dup	N/A	N/A	False
CYBB	A0062	c.742dupA	c_hgvs		NC_000023.11(XM_047441855.1):c.436dup	NC_000023.11(NM_000397.4):c.742dup	N/A	N/A	False
CYBB	A0063	c.252G>A	c_hgvs		NC_000023.11(XM_047441855.1):c.-179G>A	NC_000023.11(NM_000397.4):c.252G>A	N/A	N/A	False
CYBB	A0064	c.1025T>A	c_hgvs		NC_000023.11(XM_047441855.1):c.719T>A	NC_000023.11(NM_000397.4):c.1025T>A	N/A	N/A	False
CYBB	A0065	c.388C>T	c_hgvs		NC_000023.11(XM_047441855.1):c.82C>T	NC_000023.11(NM_000397.4):c.388C>T	N/A	N/A	False
CYBB	A0067	c.967C>T	c_hgvs		NC_000023.11(XM_047441855.1):c.661C>T	NC_000023.11(NM_000397.4):c.967C>T	N/A	N/A	False
CYBB	A0068	c.1521_1525delinsCATCTGGG	c_hgvs		NC_000023.11(XM_047441855.1):c.1215_1219delinsCATCTGGG	NC_000023.11(NM_000397.4):c.1521_1525delinsCATCTGGG	N/A	N/A	False
CYBB	A0069	c.170C>A	c_hgvs		NC_000023.11(XM_047441855.1):c.-261C>A	NC_000023.11(NM_000397.4):c.170C>A	N/A	N/A	False
CYBB	A0070	c.1016C>A	c_hgvs		NC_000023.11(XM_047441855.1):c.710C>A	NC_000023.11(NM_000397.4):c.1016C>A	N/A	N/A	False
CYBB	A0071	c.1428C>A	c_hgvs		NC_000023.11(XM_047441855.1):c.1122C>A	NC_000023.11(NM_000397.4):c.1428C>A	N/A	N/A	False
CYBB	A0072	c.1180_1182delinsATGTGATGAACACAT	c_hgvs		NC_000023.11(XM_047441855.1):c.874_876delinsATGTGATGAACACAT	NC_000023.11(NM_000397.4):c.1180_1182delinsATGTGATGAACACAT	N/A	N/A	False
CYBB	A0073	c.1180_1182delinsATGTGATGAACACAT	c_hgvs		NC_000023.11(XM_047441855.1):c.874_876delinsATGTGATGAACACAT	NC_000023.11(NM_000397.4):c.1180_1182delinsATGTGATGAACACAT	N/A	N/A	False
CYBB	A0074	c.469C>T	c_hgvs		NC_000023.11(XM_047441855.1):c.163C>T	NC_000023.11(NM_000397.4):c.469C>T	N/A	N/A	False
CYBB	A0075	c.469C>T	c_hgvs		NC_000023.11(XM_047441855.1):c.163C>T	NC_000023.11(NM_000397.4):c.469C>T	N/A	N/A	False
CYBB	A0076	c.1244C>A	c_hgvs		NC_000023.11(XM_047441855.1):c.938C>A	NC_000023.11(NM_000397.4):c.1244C>A	N/A	N/A	False
CYBB	A0077	c.1244C>A	c_hgvs		NC_000023.11(XM_047441855.1):c.938C>A	NC_000023.11(NM_000397.4):c.1244C>A	N/A	N/A	False
CYBB	A0078	c.1462-2A>G	c_hgvs		NC_000023.11(XM_047441855.1):c.1156-2A>G	NC_000023.11(NM_000397.4):c.1462-2A>G	N/A	N/A	False
CYBB	A0079	c.40delG	c_hgvs		NC_000023.11(XM_047441855.1):c.-3662del	NC_000023.11(NM_000397.4):c.40del	N/A	N/A	False
CYBB	A0080	c.388_389insT	c_hgvs		NC_000023.11(XM_047441855.1):c.82_83insT	NC_000023.11(NM_000397.4):c.388_389insT	N/A	N/A	False
CYBB	A0081	c.1315delA	c_hgvs		NC_000023.11(XM_047441855.1):c.1009del	NC_000023.11(NM_000397.4):c.1315del	N/A	N/A	False
CYBB	A0082	c.1625T>C	c_hgvs		NC_000023.11(XM_047441855.1):c.1319T>C	NC_000023.11(NM_000397.4):c.1625T>C	N/A	N/A	False
CYBB	A0083	c.54G>C	c_hgvs		NC_000023.11(XM_047441855.1):c.-1683G>C	NC_000023.11(NM_000397.4):c.54G>C	N/A	N/A	False
CYBB	A0084	c.1012C>T	c_hgvs		NC_000023.11(XM_047441855.1):c.706C>T	NC_000023.11(NM_000397.4):c.1012C>T	N/A	N/A	False
CYBB	A0085	c.646_648delTTC	c_hgvs		NC_000023.11(XM_047441855.1):c.340_342del	NC_000023.11(NM_000397.4):c.646_648del	N/A	N/A	False
CYBB	A0086	c.1139G>A	c_hgvs		NC_000023.11(XM_047441855.1):c.833G>A	NC_000023.11(NM_000397.4):c.1139G>A	N/A	N/A	False
CYBB	A0087	c.1006G>T	c_hgvs		NC_000023.11(XM_047441855.1):c.700G>T	NC_000023.11(NM_000397.4):c.1006G>T	N/A	N/A	False
CYBB	A0088	c.1006G>T	c_hgvs		NC_000023.11(XM_047441855.1):c.700G>T	NC_000023.11(NM_000397.4):c.1006G>T	N/A	N/A	False
CYBB	A0091	c.1313_1314delinsT	c_hgvs		NC_000023.11(XM_047441855.1):c.1007_1008delinsT	NC_000023.11(NM_000397.4):c.1313_1314delinsT	N/A	N/A	False
CYBB	A0092	c.1415delG	c_hgvs		NC_000023.11(XM_047441855.1):c.1109del	NC_000023.11(NM_000397.4):c.1415del	N/A	N/A	False
CYBB	A0093	c.1415delG	c_hgvs		NC_000023.11(XM_047441855.1):c.1109del	NC_000023.11(NM_000397.4):c.1415del	N/A	N/A	False
CYBB	A0094	c.1548G>T	c_hgvs		NC_000023.11(XM_047441855.1):c.1242G>T	NC_000023.11(NM_000397.4):c.1548G>T	N/A	N/A	False
CYBB	A0095	c.469C>T	c_hgvs		NC_000023.11(XM_047441855.1):c.163C>T	NC_000023.11(NM_000397.4):c.469C>T	N/A	N/A	False
CYBB	A0096	c.1016C>A	c_hgvs		NC_000023.11(XM_047441855.1):c.710C>A	NC_000023.11(NM_000397.4):c.1016C>A	N/A	N/A	False
CYBB	A0097	c.295delA	c_hgvs		NC_000023.11(XM_047441855.1):c.-12del	NC_000023.11(NM_000397.4):c.295del	N/A	N/A	False
CYBB	A0098	c.469C>T	c_hgvs		NC_000023.11(XM_047441855.1):c.163C>T	NC_000023.11(NM_000397.4):c.469C>T	N/A	N/A	False
CYBB	A0099	c.816G>A	c_hgvs		NC_000023.11(XM_047441855.1):c.510G>A	NC_000023.11(NM_000397.4):c.816G>A	N/A	N/A	False
CYBB	A0100	c.252G>A	c_hgvs		NC_000023.11(XM_047441855.1):c.-179G>A	NC_000023.11(NM_000397.4):c.252G>A	N/A	N/A	False
CYBB	A0101	c.925G>A	c_hgvs		NC_000023.11(XM_047441855.1):c.619G>A	NC_000023.11(NM_000397.4):c.925G>A	N/A	N/A	False
CYBB	A0102	c.925G>A	c_hgvs		NC_000023.11(XM_047441855.1):c.619G>A	NC_000023.11(NM_000397.4):c.925G>A	N/A	N/A	False
CYBB	A0103	c.354delA	c_hgvs		NC_000023.11(XM_047441855.1):c.48del	NC_000023.11(NM_000397.4):c.354del	N/A	N/A	False
CYBB	A0104	c.1462-2A>G	c_hgvs		NC_000023.11(XM_047441855.1):c.1156-2A>G	NC_000023.11(NM_000397.4):c.1462-2A>G	N/A	N/A	False
CYBB	A0105	c.142-2A>G	c_hgvs		NC_000023.11(XM_047441855.1):c.-291A>G	NC_000023.11(NM_000397.4):c.142-2A>G	N/A	N/A	False
CYBB	A0106	c.674+4_674+7delAGTG	c_hgvs		NC_000023.11(XM_047441855.1):c.368+4_368+7del	NC_000023.11(NM_000397.4):c.674+4_674+7del	N/A	N/A	False
CYBB	A0107	c.1244C>A	c_hgvs		NC_000023.11(XM_047441855.1):c.938C>A	NC_000023.11(NM_000397.4):c.1244C>A	N/A	N/A	False
CYBB	A0108	c.12G>A	c_hgvs		NC_000023.11(XM_047441855.1):c.-3690G>A	NC_000023.11(NM_000397.4):c.12G>A	N/A	N/A	False
CYBB	A0109	c.667_668delinsTT	c_hgvs		NC_000023.11(XM_047441855.1):c.361_362delinsTT	NC_000023.11(NM_000397.4):c.667_668delinsTT	N/A	N/A	False
CYBB	A0110	c.251delC	c_hgvs		NC_000023.11(XM_047441855.1):c.-180del	NC_000023.11(NM_000397.4):c.251del	N/A	N/A	False
CYBB	A0111	c.442_443delinsT	c_hgvs		NC_000023.11(XM_047441855.1):c.136_137delinsT	NC_000023.11(NM_000397.4):c.442_443delinsT	N/A	N/A	False
CYBB	A0112	c.1244C>T	c_hgvs		NC_000023.11(XM_047441855.1):c.938C>T	NC_000023.11(NM_000397.4):c.1244C>T	N/A	N/A	False
CYBB	A0113	c.388C>T	c_hgvs		NC_000023.11(XM_047441855.1):c.82C>T	NC_000023.11(NM_000397.4):c.388C>T	N/A	N/A	False
CYBB	A0114	c.1464delC	c_hgvs		NC_000023.11(XM_047441855.1):c.1158del	NC_000023.11(NM_000397.4):c.1464del	N/A	N/A	False
CYBB	A0115	c.483+1G>T	c_hgvs		NC_000023.11(XM_047441855.1):c.177+1G>T	NC_000023.11(NM_000397.4):c.483+1G>T	N/A	N/A	False
CYBB	A0116	c.1519C>T	c_hgvs		NC_000023.11(XM_047441855.1):c.1213C>T	NC_000023.11(NM_000397.4):c.1519C>T	N/A	N/A	False
CYBB	A0117	c.716_720delATAAT	c_hgvs		NC_000023.11(XM_047441855.1):c.414_418del	NC_000023.11(NM_000397.4):c.720_724del	N/A	N/A	False
CYBB	A0118	c.965delG	c_hgvs		NC_000023.11(XM_047441855.1):c.659del	NC_000023.11(NM_000397.4):c.965del	N/A	N/A	False
CYBB	A0120	c.703_704delAG	c_hgvs		NC_000023.11(XM_047441855.1):c.397_398del	NC_000023.11(NM_000397.4):c.703_704del	N/A	N/A	False
CYBB	A0121	c.742dupA	c_hgvs		NC_000023.11(XM_047441855.1):c.436dup	NC_000023.11(NM_000397.4):c.742dup	N/A	N/A	False
CYBB	A0122	c.736C>T	c_hgvs		NC_000023.11(XM_047441855.1):c.430C>T	NC_000023.11(NM_000397.4):c.736C>T	N/A	N/A	False
CYBB	A0123	c.736C>T	c_hgvs		NC_000023.11(XM_047441855.1):c.430C>T	NC_000023.11(NM_000397.4):c.736C>T	N/A	N/A	False
CYBB	A0124	c.456T>A	c_hgvs		NC_000023.11(XM_047441855.1):c.150T>A	NC_000023.11(NM_000397.4):c.456T>A	N/A	N/A	False
CYBB	A0125	c.627T>A	c_hgvs		NC_000023.11(XM_047441855.1):c.321T>A	NC_000023.11(NM_000397.4):c.627T>A	N/A	N/A	False
CYBB	A0126	c.742dupA	c_hgvs		NC_000023.11(XM_047441855.1):c.436dup	NC_000023.11(NM_000397.4):c.742dup	N/A	N/A	False
CYBB	A0127	c.252G>A	c_hgvs		NC_000023.11(XM_047441855.1):c.-179G>A	NC_000023.11(NM_000397.4):c.252G>A	N/A	N/A	False
CYBB	A0128	c.760dupA	c_hgvs		NC_000023.11(XM_047441855.1):c.454dup	NC_000023.11(NM_000397.4):c.760dup	N/A	N/A	False
CYBB	A0129	c.1038delT	c_hgvs		NC_000023.11(XM_047441855.1):c.732del	NC_000023.11(NM_000397.4):c.1038del	N/A	N/A	False
CYBB	A0130	c.1038delT	c_hgvs		NC_000023.11(XM_047441855.1):c.732del	NC_000023.11(NM_000397.4):c.1038del	N/A	N/A	False
CYBB	A0131	c.141+1G>A	c_hgvs		NC_000023.11(XM_047441855.1):c.-1595G>A	NC_000023.11(NM_000397.4):c.141+1G>A	N/A	N/A	False
CYBB	A0132	c.676C>T	c_hgvs		NC_000023.11(XM_047441855.1):c.370C>T	NC_000023.11(NM_000397.4):c.676C>T	N/A	N/A	False
CYBB	A0133	c.162G>C	c_hgvs		NC_000023.11(XM_047441855.1):c.-269G>C	NC_000023.11(NM_000397.4):c.162G>C	N/A	N/A	False
CYBB	A0134	c.45+6T>C	c_hgvs		NC_000023.11(XM_047441855.1):c.-3651T>C	NC_000023.11(NM_000397.4):c.45+6T>C	N/A	N/A	False
CYBB	A0135	c.45+6T>C	c_hgvs		NC_000023.11(XM_047441855.1):c.-3651T>C	NC_000023.11(NM_000397.4):c.45+6T>C	N/A	N/A	False
CYBB	A0136	c.58G>C	c_hgvs		NC_000023.11(XM_047441855.1):c.-1679G>C	NC_000023.11(NM_000397.4):c.58G>C	N/A	N/A	False
CYBB	A0137	c.466G>A	c_hgvs		NC_000023.11(XM_047441855.1):c.160G>A	NC_000023.11(NM_000397.4):c.466G>A	N/A	N/A	False
CYBB	A0138	c.141+1G>T	c_hgvs		NC_000023.11(XM_047441855.1):c.-1595G>T	NC_000023.11(NM_000397.4):c.141+1G>T	N/A	N/A	False
CYBB	A0139	c.446dupA	c_hgvs		NC_000023.11(XM_047441855.1):c.140dup	NC_000023.11(NM_000397.4):c.446dup	N/A	N/A	False
CYBB	A0140	c.483+5G>A	c_hgvs		NC_000023.11(XM_047441855.1):c.177+5G>A	NC_000023.11(NM_000397.4):c.483+5G>A	N/A	N/A	False
CYBB	A0141	c.483+5G>A	c_hgvs		NC_000023.11(XM_047441855.1):c.177+5G>A	NC_000023.11(NM_000397.4):c.483+5G>A	N/A	N/A	False
CYBB	A0142	c.1214T>G	c_hgvs		NC_000023.11(XM_047441855.1):c.908T>G	NC_000023.11(NM_000397.4):c.1214T>G	N/A	N/A	False
CYBB	A0143	c.1528_1529delTT	c_hgvs		NC_000023.11(XM_047441855.1):c.1222_1223del	NC_000023.11(NM_000397.4):c.1528_1529del	N/A	N/A	False
CYBB	A0144	c.1237dupG	c_hgvs		NC_000023.11(XM_047441855.1):c.931dup	NC_000023.11(NM_000397.4):c.1237dup	N/A	N/A	False
CYBB	A0145	c.868C>T	c_hgvs		NC_000023.11(XM_047441855.1):c.562C>T	NC_000023.11(NM_000397.4):c.868C>T	N/A	N/A	False
CYBB	A0146	c.742dupA	c_hgvs		NC_000023.11(XM_047441855.1):c.436dup	NC_000023.11(NM_000397.4):c.742dup	N/A	N/A	False
CYBB	A0147	c.1601T>A	c_hgvs		NC_000023.11(XM_047441855.1):c.1295T>A	NC_000023.11(NM_000397.4):c.1601T>A	N/A	N/A	False
CYBB	A0148	c.252+5G>C	c_hgvs		NC_000023.11(XM_047441855.1):c.-179+5G>C	NC_000023.11(NM_000397.4):c.252+5G>C	N/A	N/A	False
CYBB	A0149	c.271C>T	c_hgvs		NC_000023.11(XM_047441855.1):c.-36C>T	NC_000023.11(NM_000397.4):c.271C>T	N/A	N/A	False
CYBB	A0150	c.676C>T	c_hgvs		NC_000023.11(XM_047441855.1):c.370C>T	NC_000023.11(NM_000397.4):c.676C>T	N/A	N/A	False
CYBB	A0151	c.1320C>A	c_hgvs		NC_000023.11(XM_047441855.1):c.1014C>A	NC_000023.11(NM_000397.4):c.1320C>A	N/A	N/A	False
CYBB	A0152	c.469C>T	c_hgvs		NC_000023.11(XM_047441855.1):c.163C>T	NC_000023.11(NM_000397.4):c.469C>T	N/A	N/A	False
CYBB	A0154	c.141+1G>T	c_hgvs		NC_000023.11(XM_047441855.1):c.-1595G>T	NC_000023.11(NM_000397.4):c.141+1G>T	N/A	N/A	False
CYBB	A0155	c.1682_1712del	c_hgvs		NC_000023.11(XM_047441855.1):c.1376_1406del	NC_000023.11(NM_000397.4):c.1682_1712del	N/A	N/A	False
CYBB	A0157	c.1222G>A	c_hgvs		NC_000023.11(XM_047441855.1):c.916G>A	NC_000023.11(NM_000397.4):c.1222G>A	N/A	N/A	False
CYBB	A0158	c.1222G>A	c_hgvs		NC_000023.11(XM_047441855.1):c.916G>A	NC_000023.11(NM_000397.4):c.1222G>A	N/A	N/A	False
CYBB	A0159	c.868C>T	c_hgvs		NC_000023.11(XM_047441855.1):c.562C>T	NC_000023.11(NM_000397.4):c.868C>T	N/A	N/A	False
CYBB	A0160	c.159dupC	c_hgvs		NC_000023.11(XM_047441855.1):c.-272dup	NC_000023.11(NM_000397.4):c.159dup	N/A	N/A	False
CYBB	A0161	c.1038delT	c_hgvs		NC_000023.11(XM_047441855.1):c.732del	NC_000023.11(NM_000397.4):c.1038del	N/A	N/A	False
CYBB	A0162	c.742dupA	c_hgvs		NC_000023.11(XM_047441855.1):c.436dup	NC_000023.11(NM_000397.4):c.742dup	N/A	N/A	False
CYBB	A0163	c.943_945delAAG	c_hgvs		NC_000023.11(XM_047441855.1):c.637_639del	NC_000023.11(NM_000397.4):c.943_945del	N/A	N/A	False
CYBB	A0164	c.483+2T>C	c_hgvs		NC_000023.11(XM_047441855.1):c.177+2T>C	NC_000023.11(NM_000397.4):c.483+2T>C	N/A	N/A	False
CYBB	A0165	c.1455delG	c_hgvs		NC_000023.11(XM_047441855.1):c.1149del	NC_000023.11(NM_000397.4):c.1455del	N/A	N/A	False
CYBB	A0168	c.1329G>A	c_hgvs		NC_000023.11(XM_047441855.1):c.1023G>A	NC_000023.11(NM_000397.4):c.1329G>A	N/A	N/A	False
CYBB	A0170	c.742dupA	c_hgvs		NC_000023.11(XM_047441855.1):c.436dup	NC_000023.11(NM_000397.4):c.742dup	N/A	N/A	False
CYBB	A0171	c.730T>C	c_hgvs		NC_000023.11(XM_047441855.1):c.424T>C	NC_000023.11(NM_000397.4):c.730T>C	N/A	N/A	False
CYBB	A0174	c.1139G>A	c_hgvs		NC_000023.11(XM_047441855.1):c.833G>A	NC_000023.11(NM_000397.4):c.1139G>A	N/A	N/A	False
CYBB	A0175	c.175T>C	c_hgvs		NC_000023.11(XM_047441855.1):c.-256T>C	NC_000023.11(NM_000397.4):c.175T>C	N/A	N/A	False
CYBB	A0176	c.175T>C	c_hgvs		NC_000023.11(XM_047441855.1):c.-256T>C	NC_000023.11(NM_000397.4):c.175T>C	N/A	N/A	False
CYBB	A0177	c.469C>T	c_hgvs		NC_000023.11(XM_047441855.1):c.163C>T	NC_000023.11(NM_000397.4):c.469C>T	N/A	N/A	False
CYBB	A0178	c.271C>T	c_hgvs		NC_000023.11(XM_047441855.1):c.-36C>T	NC_000023.11(NM_000397.4):c.271C>T	N/A	N/A	False
CYBB	A0179	c.482A>G	c_hgvs		NC_000023.11(XM_047441855.1):c.176A>G	NC_000023.11(NM_000397.4):c.482A>G	N/A	N/A	False
CYBB	A0180	c.482A>G	c_hgvs		NC_000023.11(XM_047441855.1):c.176A>G	NC_000023.11(NM_000397.4):c.482A>G	N/A	N/A	False
CYBB	A0182	c.555C>A	c_hgvs		NC_000023.11(XM_047441855.1):c.249C>A	NC_000023.11(NM_000397.4):c.555C>A	N/A	N/A	False
CYBB	A0183	c.1622_1625dup	c_hgvs		NC_000023.11(XM_047441855.1):c.1316_1319dup	NC_000023.11(NM_000397.4):c.1622_1625dup	N/A	N/A	False
CYBB	A0184	c.1456dupT	c_hgvs		NC_000023.11(XM_047441855.1):c.1150dup	NC_000023.11(NM_000397.4):c.1456dup	N/A	N/A	False
CYBB	A0185	c.1456dupT	c_hgvs		NC_000023.11(XM_047441855.1):c.1150dup	NC_000023.11(NM_000397.4):c.1456dup	N/A	N/A	False
CYBB	A0186	c.736C>T	c_hgvs		NC_000023.11(XM_047441855.1):c.430C>T	NC_000023.11(NM_000397.4):c.736C>T	N/A	N/A	False
CYBB	A0187	c.466G>A	c_hgvs		NC_000023.11(XM_047441855.1):c.160G>A	NC_000023.11(NM_000397.4):c.466G>A	N/A	N/A	False
CYBB	A0188	c.217C>T	c_hgvs		NC_000023.11(XM_047441855.1):c.-214C>T	NC_000023.11(NM_000397.4):c.217C>T	N/A	N/A	False
CYBB	A0189	c.742dupA	c_hgvs		NC_000023.11(XM_047441855.1):c.436dup	NC_000023.11(NM_000397.4):c.742dup	N/A	N/A	False
CYBB	A0190	c.1223G>A	c_hgvs		NC_000023.11(XM_047441855.1):c.917G>A	NC_000023.11(NM_000397.4):c.1223G>A	N/A	N/A	False
CYBB	A0191	c.1223G>A	c_hgvs		NC_000023.11(XM_047441855.1):c.917G>A	NC_000023.11(NM_000397.4):c.1223G>A	N/A	N/A	False
CYBB	A0192	c.1350delC	c_hgvs		NC_000023.11(XM_047441855.1):c.1044del	NC_000023.11(NM_000397.4):c.1350del	N/A	N/A	False
CYBB	A0193	c.252G>A	c_hgvs		NC_000023.11(XM_047441855.1):c.-179G>A	NC_000023.11(NM_000397.4):c.252G>A	N/A	N/A	False
CYBB	A0194	c.868C>T	c_hgvs		NC_000023.11(XM_047441855.1):c.562C>T	NC_000023.11(NM_000397.4):c.868C>T	N/A	N/A	False
CYBB	A0195	c.755delG	c_hgvs		NC_000023.11(XM_047441855.1):c.449del	NC_000023.11(NM_000397.4):c.755del	N/A	N/A	False
CYBB	A0196	c.195dupG	c_hgvs		NC_000023.11(XM_047441855.1):c.-236dup	NC_000023.11(NM_000397.4):c.195dup	N/A	N/A	False
CYBB	A0197	c.195dupG	c_hgvs		NC_000023.11(XM_047441855.1):c.-236dup	NC_000023.11(NM_000397.4):c.195dup	N/A	N/A	False
CYBB	A0198	c.868C>T	c_hgvs		NC_000023.11(XM_047441855.1):c.562C>T	NC_000023.11(NM_000397.4):c.868C>T	N/A	N/A	False
CYBB	A0199	c.1609T>C	c_hgvs		NC_000023.11(XM_047441855.1):c.1303T>C	NC_000023.11(NM_000397.4):c.1609T>C	N/A	N/A	False
CYBB	A0200	c.997T>C	c_hgvs		NC_000023.11(XM_047441855.1):c.691T>C	NC_000023.11(NM_000397.4):c.997T>C	N/A	N/A	False
CYBB	A0202	c.1264T>C	c_hgvs		NC_000023.11(XM_047441855.1):c.958T>C	NC_000023.11(NM_000397.4):c.1264T>C	N/A	N/A	False
CYBB	A0207	c.1062_1071delTATCCGCATC	c_hgvs		NC_000023.11(XM_047441855.1):c.756_765del	NC_000023.11(NM_000397.4):c.1062_1071del	N/A	N/A	False
CYBB	A0208	c.943_945delAAG	c_hgvs		NC_000023.11(XM_047441855.1):c.637_639del	NC_000023.11(NM_000397.4):c.943_945del	N/A	N/A	False
CYBB	A0209	c.943_945delAAG	c_hgvs		NC_000023.11(XM_047441855.1):c.637_639del	NC_000023.11(NM_000397.4):c.943_945del	N/A	N/A	False
CYBB	A0210	c.326_327delCA	c_hgvs		NC_000023.11(XM_047441855.1):c.21_22del	NC_000023.11(NM_000397.4):c.327_328del	N/A	N/A	False
CYBB	A0211	c.625_626delCA	c_hgvs		NC_000023.11(XM_047441855.1):c.319_320del	NC_000023.11(NM_000397.4):c.625_626del	N/A	N/A	False
CYBB	A0212	c.703_704delAG	c_hgvs		NC_000023.11(XM_047441855.1):c.397_398del	NC_000023.11(NM_000397.4):c.703_704del	N/A	N/A	False
CYBB	A0213	c.1190_1191delAT	c_hgvs		NC_000023.11(XM_047441855.1):c.884_885del	NC_000023.11(NM_000397.4):c.1190_1191del	N/A	N/A	False
CYBB	A0214	c.47delT	c_hgvs		NC_000023.11(XM_047441855.1):c.-1690del	NC_000023.11(NM_000397.4):c.47del	N/A	N/A	False
CYBB	A0215	c.49delG	c_hgvs		NC_000023.11(XM_047441855.1):c.-1688del	NC_000023.11(NM_000397.4):c.49del	N/A	N/A	False
CYBB	A0216	c.141+1delG	c_hgvs		NC_000023.11(XM_047441855.1):c.-1595del	NC_000023.11(NM_000397.4):c.141+1del	N/A	N/A	False
CYBB	A0217	c.517delC	c_hgvs		NC_000023.11(XM_047441855.1):c.211del	NC_000023.11(NM_000397.4):c.517del	N/A	N/A	False
CYBB	A0218	c.554delG	c_hgvs		NC_000023.11(XM_047441855.1):c.248del	NC_000023.11(NM_000397.4):c.554del	N/A	N/A	False
CYBB	A0219	c.755delG	c_hgvs		NC_000023.11(XM_047441855.1):c.449del	NC_000023.11(NM_000397.4):c.755del	N/A	N/A	False
CYBB	A0220	c.755delG	c_hgvs		NC_000023.11(XM_047441855.1):c.449del	NC_000023.11(NM_000397.4):c.755del	N/A	N/A	False
CYBB	A0221	c.919delA	c_hgvs		NC_000023.11(XM_047441855.1):c.613del	NC_000023.11(NM_000397.4):c.919del	N/A	N/A	False
CYBB	A0222	c.948delG	c_hgvs		NC_000023.11(XM_047441855.1):c.642del	NC_000023.11(NM_000397.4):c.948del	N/A	N/A	False
CYBB	A0223	c.45+1G>C	c_hgvs		NC_000023.11(XM_047441855.1):c.-3656G>C	NC_000023.11(NM_000397.4):c.45+1G>C	N/A	N/A	False
CYBB	A0224	c.46-1G>A	c_hgvs		NC_000023.11(XM_047441855.1):c.-1692G>A	NC_000023.11(NM_000397.4):c.46-1G>A	N/A	N/A	False
CYBB	A0225	c.141+5_141+6delGT	c_hgvs		NC_000023.11(XM_047441855.1):c.-1591_-1590del	NC_000023.11(NM_000397.4):c.141+5_141+6del	N/A	N/A	False
CYBB	A0226	c.252G>A	c_hgvs		NC_000023.11(XM_047441855.1):c.-179G>A	NC_000023.11(NM_000397.4):c.252G>A	N/A	N/A	False
CYBB	A0227	c.252G>A	c_hgvs		NC_000023.11(XM_047441855.1):c.-179G>A	NC_000023.11(NM_000397.4):c.252G>A	N/A	N/A	False
CYBB	A0228	c.252G>A	c_hgvs		NC_000023.11(XM_047441855.1):c.-179G>A	NC_000023.11(NM_000397.4):c.252G>A	N/A	N/A	False
CYBB	A0229	c.252G>A	c_hgvs		NC_000023.11(XM_047441855.1):c.-179G>A	NC_000023.11(NM_000397.4):c.252G>A	N/A	N/A	False
CYBB	A0230	c.252G>A	c_hgvs		NC_000023.11(XM_047441855.1):c.-179G>A	NC_000023.11(NM_000397.4):c.252G>A	N/A	N/A	False
CYBB	A0231	c.252G>A	c_hgvs		NC_000023.11(XM_047441855.1):c.-179G>A	NC_000023.11(NM_000397.4):c.252G>A	N/A	N/A	False
CYBB	A0232	c.338-2A>C	c_hgvs		NC_000023.11(XM_047441855.1):c.32-2A>C	NC_000023.11(NM_000397.4):c.338-2A>C	N/A	N/A	False
CYBB	A0233	c.483G>T	c_hgvs		NC_000023.11(XM_047441855.1):c.177G>T	NC_000023.11(NM_000397.4):c.483G>T	N/A	N/A	False
CYBB	A0234	c.483+1G>T	c_hgvs		NC_000023.11(XM_047441855.1):c.177+1G>T	NC_000023.11(NM_000397.4):c.483+1G>T	N/A	N/A	False
CYBB	A0235	c.674+5G>A	c_hgvs		NC_000023.11(XM_047441855.1):c.368+5G>A	NC_000023.11(NM_000397.4):c.674+5G>A	N/A	N/A	False
CYBB	A0236	c.804+2T>C	c_hgvs		NC_000023.11(XM_047441855.1):c.498+2T>C	NC_000023.11(NM_000397.4):c.804+2T>C	N/A	N/A	False
CYBB	A0237	c.804+2T>C	c_hgvs		NC_000023.11(XM_047441855.1):c.498+2T>C	NC_000023.11(NM_000397.4):c.804+2T>C	N/A	N/A	False
CYBB	A0238	c.805-2A>C	c_hgvs		NC_000023.11(XM_047441855.1):c.499-2A>C	NC_000023.11(NM_000397.4):c.805-2A>C	N/A	N/A	False
CYBB	A0239	c.897+1G>T	c_hgvs		NC_000023.11(XM_047441855.1):c.591+1G>T	NC_000023.11(NM_000397.4):c.897+1G>T	N/A	N/A	False
CYBB	A0240	c.897+1G>T	c_hgvs		NC_000023.11(XM_047441855.1):c.591+1G>T	NC_000023.11(NM_000397.4):c.897+1G>T	N/A	N/A	False
CYBB	A0241	c.1461+1G>A	c_hgvs		NC_000023.11(XM_047441855.1):c.1155+1G>A	NC_000023.11(NM_000397.4):c.1461+1G>A	N/A	N/A	False
CYBB	A0242	c.1A>G	c_hgvs		NC_000023.11(XM_047441855.1):c.-3701A>G	NC_000023.11(NM_000397.4):c.1A>G	N/A	N/A	False
CYBB	A0243	c.160A>G	c_hgvs		NC_000023.11(XM_047441855.1):c.-271A>G	NC_000023.11(NM_000397.4):c.160A>G	N/A	N/A	False
CYBB	A0244	c.167C>T	c_hgvs		NC_000023.11(XM_047441855.1):c.-264C>T	NC_000023.11(NM_000397.4):c.167C>T	N/A	N/A	False
CYBB	A0245	c.167C>T	c_hgvs		NC_000023.11(XM_047441855.1):c.-264C>T	NC_000023.11(NM_000397.4):c.167C>T	N/A	N/A	False
CYBB	A0246	c.177C>G	c_hgvs		NC_000023.11(XM_047441855.1):c.-254C>G	NC_000023.11(NM_000397.4):c.177C>G	N/A	N/A	False
CYBB	A0247	c.190T>C	c_hgvs		NC_000023.11(XM_047441855.1):c.-241T>C	NC_000023.11(NM_000397.4):c.190T>C	N/A	N/A	False
CYBB	A0248	c.302A>G	c_hgvs		NC_000023.11(XM_047441855.1):c.-5A>G	NC_000023.11(NM_000397.4):c.302A>G	N/A	N/A	False
CYBB	A0249	c.359T>C	c_hgvs		NC_000023.11(XM_047441855.1):c.53T>C	NC_000023.11(NM_000397.4):c.359T>C	N/A	N/A	False
CYBB	A0250	c.665A>G	c_hgvs		NC_000023.11(XM_047441855.1):c.359A>G	NC_000023.11(NM_000397.4):c.665A>G	N/A	N/A	False
CYBB	A0251	c.731G>C	c_hgvs		NC_000023.11(XM_047441855.1):c.425G>C	NC_000023.11(NM_000397.4):c.731G>C	N/A	N/A	False
CYBB	A0252	c.731G>A	c_hgvs		NC_000023.11(XM_047441855.1):c.425G>A	NC_000023.11(NM_000397.4):c.731G>A	N/A	N/A	False
CYBB	A0253	c.935T>G	c_hgvs		NC_000023.11(XM_047441855.1):c.629T>G	NC_000023.11(NM_000397.4):c.935T>G	N/A	N/A	False
CYBB	A0254	c.1012C>T	c_hgvs		NC_000023.11(XM_047441855.1):c.706C>T	NC_000023.11(NM_000397.4):c.1012C>T	N/A	N/A	False
CYBB	A0255	c.1022C>A	c_hgvs		NC_000023.11(XM_047441855.1):c.716C>A	NC_000023.11(NM_000397.4):c.1022C>A	N/A	N/A	False
CYBB	A0256	c.1025T>A	c_hgvs		NC_000023.11(XM_047441855.1):c.719T>A	NC_000023.11(NM_000397.4):c.1025T>A	N/A	N/A	False
CYBB	A0257	c.1105T>C	c_hgvs		NC_000023.11(XM_047441855.1):c.799T>C	NC_000023.11(NM_000397.4):c.1105T>C	N/A	N/A	False
CYBB	A0258	c.1169C>T	c_hgvs		NC_000023.11(XM_047441855.1):c.863C>T	NC_000023.11(NM_000397.4):c.1169C>T	N/A	N/A	False
CYBB	A0259	c.1702G>A	c_hgvs		NC_000023.11(XM_047441855.1):c.1396G>A	NC_000023.11(NM_000397.4):c.1702G>A	N/A	N/A	False
CYBB	A0260	c.11G>A	c_hgvs		NC_000023.11(XM_047441855.1):c.-3691G>A	NC_000023.11(NM_000397.4):c.11G>A	N/A	N/A	False
CYBB	A0261	c.127A>T	c_hgvs		NC_000023.11(XM_047441855.1):c.-1610A>T	NC_000023.11(NM_000397.4):c.127A>T	N/A	N/A	False
CYBB	A0262	c.217C>T	c_hgvs		NC_000023.11(XM_047441855.1):c.-214C>T	NC_000023.11(NM_000397.4):c.217C>T	N/A	N/A	False
CYBB	A0263	c.217C>T	c_hgvs		NC_000023.11(XM_047441855.1):c.-214C>T	NC_000023.11(NM_000397.4):c.217C>T	N/A	N/A	False
CYBB	A0264	c.271C>T	c_hgvs		NC_000023.11(XM_047441855.1):c.-36C>T	NC_000023.11(NM_000397.4):c.271C>T	N/A	N/A	False
CYBB	A0265	c.271C>T	c_hgvs		NC_000023.11(XM_047441855.1):c.-36C>T	NC_000023.11(NM_000397.4):c.271C>T	N/A	N/A	False
CYBB	A0266	c.271C>T	c_hgvs		NC_000023.11(XM_047441855.1):c.-36C>T	NC_000023.11(NM_000397.4):c.271C>T	N/A	N/A	False
CYBB	A0267	c.388C>T	c_hgvs		NC_000023.11(XM_047441855.1):c.82C>T	NC_000023.11(NM_000397.4):c.388C>T	N/A	N/A	False
CYBB	A0268	c.388C>T	c_hgvs		NC_000023.11(XM_047441855.1):c.82C>T	NC_000023.11(NM_000397.4):c.388C>T	N/A	N/A	False
CYBB	A0269	c.388C>T	c_hgvs		NC_000023.11(XM_047441855.1):c.82C>T	NC_000023.11(NM_000397.4):c.388C>T	N/A	N/A	False
CYBB	A0270	c.388C>T	c_hgvs		NC_000023.11(XM_047441855.1):c.82C>T	NC_000023.11(NM_000397.4):c.388C>T	N/A	N/A	False
CYBB	A0271	c.388C>T	c_hgvs		NC_000023.11(XM_047441855.1):c.82C>T	NC_000023.11(NM_000397.4):c.388C>T	N/A	N/A	False
CYBB	A0272	c.388C>T	c_hgvs		NC_000023.11(XM_047441855.1):c.82C>T	NC_000023.11(NM_000397.4):c.388C>T	N/A	N/A	False
CYBB	A0273	c.442C>T	c_hgvs		NC_000023.11(XM_047441855.1):c.136C>T	NC_000023.11(NM_000397.4):c.442C>T	N/A	N/A	False
CYBB	A0274	c.469C>T	c_hgvs		NC_000023.11(XM_047441855.1):c.163C>T	NC_000023.11(NM_000397.4):c.469C>T	N/A	N/A	False
CYBB	A0275	c.469C>T	c_hgvs		NC_000023.11(XM_047441855.1):c.163C>T	NC_000023.11(NM_000397.4):c.469C>T	N/A	N/A	False
CYBB	A0276	c.469C>T	c_hgvs		NC_000023.11(XM_047441855.1):c.163C>T	NC_000023.11(NM_000397.4):c.469C>T	N/A	N/A	False
CYBB	A0277	c.469C>T	c_hgvs		NC_000023.11(XM_047441855.1):c.163C>T	NC_000023.11(NM_000397.4):c.469C>T	N/A	N/A	False
CYBB	A0278	c.607G>T	c_hgvs		NC_000023.11(XM_047441855.1):c.301G>T	NC_000023.11(NM_000397.4):c.607G>T	N/A	N/A	False
CYBB	A0279	c.676C>T	c_hgvs		NC_000023.11(XM_047441855.1):c.370C>T	NC_000023.11(NM_000397.4):c.676C>T	N/A	N/A	False
CYBB	A0280	c.676C>T	c_hgvs		NC_000023.11(XM_047441855.1):c.370C>T	NC_000023.11(NM_000397.4):c.676C>T	N/A	N/A	False
CYBB	A0281	c.676C>T	c_hgvs		NC_000023.11(XM_047441855.1):c.370C>T	NC_000023.11(NM_000397.4):c.676C>T	N/A	N/A	False
CYBB	A0282	c.676C>T	c_hgvs		NC_000023.11(XM_047441855.1):c.370C>T	NC_000023.11(NM_000397.4):c.676C>T	N/A	N/A	False
CYBB	A0283	c.676C>T	c_hgvs		NC_000023.11(XM_047441855.1):c.370C>T	NC_000023.11(NM_000397.4):c.676C>T	N/A	N/A	False
CYBB	A0284	c.676C>T	c_hgvs		NC_000023.11(XM_047441855.1):c.370C>T	NC_000023.11(NM_000397.4):c.676C>T	N/A	N/A	False
CYBB	A0285	c.752G>A	c_hgvs		NC_000023.11(XM_047441855.1):c.446G>A	NC_000023.11(NM_000397.4):c.752G>A	N/A	N/A	False
CYBB	A0286	c.781C>T	c_hgvs		NC_000023.11(XM_047441855.1):c.475C>T	NC_000023.11(NM_000397.4):c.781C>T	N/A	N/A	False
CYBB	A0287	c.816G>A	c_hgvs		NC_000023.11(XM_047441855.1):c.510G>A	NC_000023.11(NM_000397.4):c.816G>A	N/A	N/A	False
CYBB	A0288	c.868C>T	c_hgvs		NC_000023.11(XM_047441855.1):c.562C>T	NC_000023.11(NM_000397.4):c.868C>T	N/A	N/A	False
CYBB	A0289	c.868C>T	c_hgvs		NC_000023.11(XM_047441855.1):c.562C>T	NC_000023.11(NM_000397.4):c.868C>T	N/A	N/A	False
CYBB	A0290	c.916A>T	c_hgvs		NC_000023.11(XM_047441855.1):c.610A>T	NC_000023.11(NM_000397.4):c.916A>T	N/A	N/A	False
CYBB	A0291	c.1006G>T	c_hgvs		NC_000023.11(XM_047441855.1):c.700G>T	NC_000023.11(NM_000397.4):c.1006G>T	N/A	N/A	False
CYBB	A0292	c.1010G>A	c_hgvs		NC_000023.11(XM_047441855.1):c.704G>A	NC_000023.11(NM_000397.4):c.1010G>A	N/A	N/A	False
CYBB	A0293	c.1129C>T	c_hgvs		NC_000023.11(XM_047441855.1):c.823C>T	NC_000023.11(NM_000397.4):c.1129C>T	N/A	N/A	False
CYBB	A0294	c.1449G>A	c_hgvs		NC_000023.11(XM_047441855.1):c.1143G>A	NC_000023.11(NM_000397.4):c.1449G>A	N/A	N/A	False
CYBB	A0295	c.1548G>A	c_hgvs		NC_000023.11(XM_047441855.1):c.1242G>A	NC_000023.11(NM_000397.4):c.1548G>A	N/A	N/A	False
CYBB	A0296	c.1548G>A	c_hgvs		NC_000023.11(XM_047441855.1):c.1242G>A	NC_000023.11(NM_000397.4):c.1548G>A	N/A	N/A	False
CYBB	A0297	c.1645C>T	c_hgvs		NC_000023.11(XM_047441855.1):c.1339C>T	NC_000023.11(NM_000397.4):c.1645C>T	N/A	N/A	False
CYBB	A0298	c.64_67dup	c_hgvs		NC_000023.11(XM_047441855.1):c.-1673_-1670dup	NC_000023.11(NM_000397.4):c.64_67dup	N/A	N/A	False
CYBB	A0300	c.1661_1662insGAGTCTGGCCCTCGGGGAGTGCATTTCA	c_hgvs		NC_000023.11(XM_047441855.1):c.1355_1356insGAGTCTGGCCCTCGGGGAGTGCATTTCA	NC_000023.11(NM_000397.4):c.1661_1662insGAGTCTGGCCCTCGGGGAGTGCATTTCA	N/A	N/A	False
CYBB	A0302	c.1662dupT	c_hgvs		NC_000023.11(XM_047441855.1):c.1356dup	NC_000023.11(NM_000397.4):c.1662dup	N/A	N/A	False
CYBB	A0303	c.897+1G>T	c_hgvs		NC_000023.11(XM_047441855.1):c.591+1G>T	NC_000023.11(NM_000397.4):c.897+1G>T	N/A	N/A	False
CYBB	A0304	c.167C>T	c_hgvs		NC_000023.11(XM_047441855.1):c.-264C>T	NC_000023.11(NM_000397.4):c.167C>T	N/A	N/A	False
CYBB	A0305	c.14_27delCTGTGAATGAGGGG	c_hgvs		NC_000023.11(XM_047441855.1):c.-3686_-3673del	NC_000023.11(NM_000397.4):c.16_29del	N/A	N/A	False
CYBB	A0306	c.960delA	c_hgvs		NC_000023.11(XM_047441855.1):c.654del	NC_000023.11(NM_000397.4):c.960del	N/A	N/A	False
CYBB	A0307	c.1679delG	c_hgvs		NC_000023.11(XM_047441855.1):c.1373del	NC_000023.11(NM_000397.4):c.1679del	N/A	N/A	False
CYBB	A0308	c.1348_1352delGCCTT	c_hgvs		NC_000023.11(XM_047441855.1):c.1042_1046del	NC_000023.11(NM_000397.4):c.1348_1352del	N/A	N/A	False
CYBB	A0309	c.565_568delATTA	c_hgvs		NC_000023.11(XM_047441855.1):c.259_262del	NC_000023.11(NM_000397.4):c.565_568del	N/A	N/A	False
CYBB	A0311	c.472_475delAAGA	c_hgvs		NC_000023.11(XM_047441855.1):c.166_169del	NC_000023.11(NM_000397.4):c.472_475del	N/A	N/A	False
CYBB	A0312	c.1497delA	c_hgvs		NC_000023.11(XM_047441855.1):c.1191del	NC_000023.11(NM_000397.4):c.1497del	N/A	N/A	False
CYBB	A0313	c.1522_1523delAA	c_hgvs		NC_000023.11(XM_047441855.1):c.1216_1217del	NC_000023.11(NM_000397.4):c.1522_1523del	N/A	N/A	False
CYBB	A0314	c.1523delA	c_hgvs		NC_000023.11(XM_047441855.1):c.1217del	NC_000023.11(NM_000397.4):c.1523del	N/A	N/A	False
CYBB	A0315	c.1147_1150delCCTA	c_hgvs		NC_000023.11(XM_047441855.1):c.841_844del	NC_000023.11(NM_000397.4):c.1147_1150del	N/A	N/A	False
CYBB	A0316	c.797delC	c_hgvs		NC_000023.11(XM_047441855.1):c.491del	NC_000023.11(NM_000397.4):c.797del	N/A	N/A	False
CYBB	A0317	c.1016delC	c_hgvs		NC_000023.11(XM_047441855.1):c.710del	NC_000023.11(NM_000397.4):c.1016del	N/A	N/A	False
CYBB	A0318	c.1038delT	c_hgvs		NC_000023.11(XM_047441855.1):c.732del	NC_000023.11(NM_000397.4):c.1038del	N/A	N/A	False
CYBB	A0319	c.1578delA	c_hgvs		NC_000023.11(XM_047441855.1):c.1272del	NC_000023.11(NM_000397.4):c.1578del	N/A	N/A	False
CYBB	A0320	c.595delA	c_hgvs		NC_000023.11(XM_047441855.1):c.289del	NC_000023.11(NM_000397.4):c.595del	N/A	N/A	False
CYBB	A0321	c.870_879delATCTCAACAG	c_hgvs		NC_000023.11(XM_047441855.1):c.565_574del	NC_000023.11(NM_000397.4):c.871_880del	N/A	N/A	False
CYBB	A0322	c.160_165delAGGGCC	c_hgvs		NC_000023.11(XM_047441855.1):c.-271_-266del	NC_000023.11(NM_000397.4):c.160_165del	N/A	N/A	False
CYBB	A0323	c.703_704delAG	c_hgvs		NC_000023.11(XM_047441855.1):c.397_398del	NC_000023.11(NM_000397.4):c.703_704del	N/A	N/A	False
CYBB	A0324	c.1032delC	c_hgvs		NC_000023.11(XM_047441855.1):c.726del	NC_000023.11(NM_000397.4):c.1032del	N/A	N/A	False
CYBB	A0325	c.1032delC	c_hgvs		NC_000023.11(XM_047441855.1):c.726del	NC_000023.11(NM_000397.4):c.1032del	N/A	N/A	False
CYBB	A0326	c.1565delC	c_hgvs		NC_000023.11(XM_047441855.1):c.1259del	NC_000023.11(NM_000397.4):c.1565del	N/A	N/A	False
CYBB	A0327	c.80_83delTCTG	c_hgvs		NC_000023.11(XM_047441855.1):c.-1657_-1654del	NC_000023.11(NM_000397.4):c.80_83del	N/A	N/A	False
CYBB	A0328	c.80_83delTCTG	c_hgvs		NC_000023.11(XM_047441855.1):c.-1657_-1654del	NC_000023.11(NM_000397.4):c.80_83del	N/A	N/A	False
CYBB	A0329	c.1600_1614delGTTTTCCTCTGTGGA	c_hgvs		NC_000023.11(XM_047441855.1):c.1294_1308del	NC_000023.11(NM_000397.4):c.1600_1614del	N/A	N/A	False
CYBB	A0330	c.1272delG	c_hgvs		NC_000023.11(XM_047441855.1):c.966del	NC_000023.11(NM_000397.4):c.1272del	N/A	N/A	False
CYBB	A0331	c.1447_1459delTGGGATGAGTCTC	c_hgvs		NC_000023.11(XM_047441855.1):c.1141_1153del	NC_000023.11(NM_000397.4):c.1447_1459del	N/A	N/A	False
CYBB	A0332	c.455_456delAT	c_hgvs		NC_000023.11(XM_047441855.1):c.149_150del	NC_000023.11(NM_000397.4):c.455_456del	N/A	N/A	False
CYBB	A0333	c.603delC	c_hgvs		NC_000023.11(XM_047441855.1):c.297del	NC_000023.11(NM_000397.4):c.603del	N/A	N/A	False
CYBB	A0334	c.23_26dup	c_hgvs		NC_000023.11(XM_047441855.1):c.-3679_-3676dup	NC_000023.11(NM_000397.4):c.23_26dup	N/A	N/A	False
CYBB	A0335	c.479dupT	c_hgvs		NC_000023.11(XM_047441855.1):c.173dup	NC_000023.11(NM_000397.4):c.479dup	N/A	N/A	False
CYBB	A0337	c.742dupA	c_hgvs		NC_000023.11(XM_047441855.1):c.436dup	NC_000023.11(NM_000397.4):c.742dup	N/A	N/A	False
CYBB	A0338	c.742dupA	c_hgvs		NC_000023.11(XM_047441855.1):c.436dup	NC_000023.11(NM_000397.4):c.742dup	N/A	N/A	False
CYBB	A0339	c.742dupA	c_hgvs		NC_000023.11(XM_047441855.1):c.436dup	NC_000023.11(NM_000397.4):c.742dup	N/A	N/A	False
CYBB	A0340	c.742dupA	c_hgvs		NC_000023.11(XM_047441855.1):c.436dup	NC_000023.11(NM_000397.4):c.742dup	N/A	N/A	False
CYBB	A0341	c.742dupA	c_hgvs		NC_000023.11(XM_047441855.1):c.436dup	NC_000023.11(NM_000397.4):c.742dup	N/A	N/A	False
CYBB	A0342	c.742dupA	c_hgvs		NC_000023.11(XM_047441855.1):c.436dup	NC_000023.11(NM_000397.4):c.742dup	N/A	N/A	False
CYBB	A0343	c.742dupA	c_hgvs		NC_000023.11(XM_047441855.1):c.436dup	NC_000023.11(NM_000397.4):c.742dup	N/A	N/A	False
CYBB	A0344	c.706_707dup	c_hgvs		NC_000023.11(XM_047441855.1):c.399_401T[5]	NC_000023.11(NM_000397.4):c.705_707T[5]	N/A	N/A	False
CYBB	A0345	c.1607dupT	c_hgvs		NC_000023.11(XM_047441855.1):c.1301dup	NC_000023.11(NM_000397.4):c.1607dup	N/A	N/A	False
CYBB	A0346	c.6dupG	c_hgvs		NC_000023.11(XM_047441855.1):c.-3696dup	NC_000023.11(NM_000397.4):c.6dup	N/A	N/A	False
CYBB	A0347	c.1016dupC	c_hgvs		NC_000023.11(XM_047441855.1):c.710dup	NC_000023.11(NM_000397.4):c.1016dup	N/A	N/A	False
CYBB	A0348	c.1662dupT	c_hgvs		NC_000023.11(XM_047441855.1):c.1356dup	NC_000023.11(NM_000397.4):c.1662dup	N/A	N/A	False
CYBB	A0349	c.52dupT	c_hgvs		NC_000023.11(XM_047441855.1):c.-1685dup	NC_000023.11(NM_000397.4):c.52dup	N/A	N/A	False
CYBB	A0350	c.135_136insT	c_hgvs		NC_000023.11(XM_047441855.1):c.-1602dup	NC_000023.11(NM_000397.4):c.135dup	N/A	N/A	False
CYBB	A0351	c.671C>G	c_hgvs		NC_000023.11(XM_047441855.1):c.365C>G	NC_000023.11(NM_000397.4):c.671C>G	N/A	N/A	False
CYBB	A0353	c.164C>A	c_hgvs		NC_000023.11(XM_047441855.1):c.-267C>A	NC_000023.11(NM_000397.4):c.164C>A	N/A	N/A	False
CYBB	A0354	c.252G>A	c_hgvs		NC_000023.11(XM_047441855.1):c.-179G>A	NC_000023.11(NM_000397.4):c.252G>A	N/A	N/A	False
CYBB	A0355	c.252G>A	c_hgvs		NC_000023.11(XM_047441855.1):c.-179G>A	NC_000023.11(NM_000397.4):c.252G>A	N/A	N/A	False
CYBB	A0356	c.252G>A	c_hgvs		NC_000023.11(XM_047441855.1):c.-179G>A	NC_000023.11(NM_000397.4):c.252G>A	N/A	N/A	False
CYBB	A0357	c.252G>A	c_hgvs		NC_000023.11(XM_047441855.1):c.-179G>A	NC_000023.11(NM_000397.4):c.252G>A	N/A	N/A	False
CYBB	A0358	c.555C>A	c_hgvs		NC_000023.11(XM_047441855.1):c.249C>A	NC_000023.11(NM_000397.4):c.555C>A	N/A	N/A	False
CYBB	A0359	c.730T>G	c_hgvs		NC_000023.11(XM_047441855.1):c.424T>G	NC_000023.11(NM_000397.4):c.730T>G	N/A	N/A	False
CYBB	A0360	c.771C>A	c_hgvs		NC_000023.11(XM_047441855.1):c.465C>A	NC_000023.11(NM_000397.4):c.771C>A	N/A	N/A	False
CYBB	A0361	c.1335C>A	c_hgvs		NC_000023.11(XM_047441855.1):c.1029C>A	NC_000023.11(NM_000397.4):c.1335C>A	N/A	N/A	False
CYBB	A0362	c.176G>T	c_hgvs		NC_000023.11(XM_047441855.1):c.-255G>T	NC_000023.11(NM_000397.4):c.176G>T	N/A	N/A	False
CYBB	A0363	c.176G>A	c_hgvs		NC_000023.11(XM_047441855.1):c.-255G>A	NC_000023.11(NM_000397.4):c.176G>A	N/A	N/A	False
CYBB	A0364	c.192C>A	c_hgvs		NC_000023.11(XM_047441855.1):c.-239C>A	NC_000023.11(NM_000397.4):c.192C>A	N/A	N/A	False
CYBB	A0365	c.255C>A	c_hgvs		NC_000023.11(XM_047441855.1):c.-52C>A	NC_000023.11(NM_000397.4):c.255C>A	N/A	N/A	False
CYBB	A0366	c.1498G>A	c_hgvs		NC_000023.11(XM_047441855.1):c.1192G>A	NC_000023.11(NM_000397.4):c.1498G>A	N/A	N/A	False
CYBB	A0367	c.1498G>T	c_hgvs		NC_000023.11(XM_047441855.1):c.1192G>T	NC_000023.11(NM_000397.4):c.1498G>T	N/A	N/A	False
CYBB	A0368	c.925G>A	c_hgvs		NC_000023.11(XM_047441855.1):c.619G>A	NC_000023.11(NM_000397.4):c.925G>A	N/A	N/A	False
CYBB	A0369	c.925G>A	c_hgvs		NC_000023.11(XM_047441855.1):c.619G>A	NC_000023.11(NM_000397.4):c.925G>A	N/A	N/A	False
CYBB	A0370	c.925G>A	c_hgvs		NC_000023.11(XM_047441855.1):c.619G>A	NC_000023.11(NM_000397.4):c.925G>A	N/A	N/A	False
CYBB	A0371	c.925G>A	c_hgvs		NC_000023.11(XM_047441855.1):c.619G>A	NC_000023.11(NM_000397.4):c.925G>A	N/A	N/A	False
CYBB	A0372	c.925G>A	c_hgvs		NC_000023.11(XM_047441855.1):c.619G>A	NC_000023.11(NM_000397.4):c.925G>A	N/A	N/A	False
CYBB	A0373	c.1354G>T	c_hgvs		NC_000023.11(XM_047441855.1):c.1048G>T	NC_000023.11(NM_000397.4):c.1354G>T	N/A	N/A	False
CYBB	A0374	c.1384G>T	c_hgvs		NC_000023.11(XM_047441855.1):c.1078G>T	NC_000023.11(NM_000397.4):c.1384G>T	N/A	N/A	False
CYBB	A0375	c.535G>A	c_hgvs		NC_000023.11(XM_047441855.1):c.229G>A	NC_000023.11(NM_000397.4):c.535G>A	N/A	N/A	False
CYBB	A0376	c.58G>C	c_hgvs		NC_000023.11(XM_047441855.1):c.-1679G>C	NC_000023.11(NM_000397.4):c.58G>C	N/A	N/A	False
CYBB	A0377	c.965G>A	c_hgvs		NC_000023.11(XM_047441855.1):c.659G>A	NC_000023.11(NM_000397.4):c.965G>A	N/A	N/A	False
CYBB	A0378	c.1075G>A	c_hgvs		NC_000023.11(XM_047441855.1):c.769G>A	NC_000023.11(NM_000397.4):c.1075G>A	N/A	N/A	False
CYBB	A0379	c.1076G>T	c_hgvs		NC_000023.11(XM_047441855.1):c.770G>T	NC_000023.11(NM_000397.4):c.1076G>T	N/A	N/A	False
CYBB	A0380	c.1166G>A	c_hgvs		NC_000023.11(XM_047441855.1):c.860G>A	NC_000023.11(NM_000397.4):c.1166G>A	N/A	N/A	False
CYBB	A0381	c.301C>T	c_hgvs		NC_000023.11(XM_047441855.1):c.-6C>T	NC_000023.11(NM_000397.4):c.301C>T	N/A	N/A	False
CYBB	A0382	c.345C>A	c_hgvs		NC_000023.11(XM_047441855.1):c.39C>A	NC_000023.11(NM_000397.4):c.345C>A	N/A	N/A	False
CYBB	A0383	c.343C>T	c_hgvs		NC_000023.11(XM_047441855.1):c.37C>T	NC_000023.11(NM_000397.4):c.343C>T	N/A	N/A	False
CYBB	A0384	c.356A>G	c_hgvs		NC_000023.11(XM_047441855.1):c.50A>G	NC_000023.11(NM_000397.4):c.356A>G	N/A	N/A	False
CYBB	A0385	c.356A>G	c_hgvs		NC_000023.11(XM_047441855.1):c.50A>G	NC_000023.11(NM_000397.4):c.356A>G	N/A	N/A	False
CYBB	A0386	c.626A>G	c_hgvs		NC_000023.11(XM_047441855.1):c.320A>G	NC_000023.11(NM_000397.4):c.626A>G	N/A	N/A	False
CYBB	A0387	c.625C>T	c_hgvs		NC_000023.11(XM_047441855.1):c.319C>T	NC_000023.11(NM_000397.4):c.625C>T	N/A	N/A	False
CYBB	A0388	c.625C>T	c_hgvs		NC_000023.11(XM_047441855.1):c.319C>T	NC_000023.11(NM_000397.4):c.625C>T	N/A	N/A	False
CYBB	A0389	c.625C>T	c_hgvs		NC_000023.11(XM_047441855.1):c.319C>T	NC_000023.11(NM_000397.4):c.625C>T	N/A	N/A	False
CYBB	A0390	c.664C>A	c_hgvs		NC_000023.11(XM_047441855.1):c.358C>A	NC_000023.11(NM_000397.4):c.664C>A	N/A	N/A	False
CYBB	A0391	c.665A>G	c_hgvs		NC_000023.11(XM_047441855.1):c.359A>G	NC_000023.11(NM_000397.4):c.665A>G	N/A	N/A	False
CYBB	A0392	c.665A>G	c_hgvs		NC_000023.11(XM_047441855.1):c.359A>G	NC_000023.11(NM_000397.4):c.665A>G	N/A	N/A	False
CYBB	A0393	c.665A>G	c_hgvs		NC_000023.11(XM_047441855.1):c.359A>G	NC_000023.11(NM_000397.4):c.665A>G	N/A	N/A	False
CYBB	A0394	c.664C>T	c_hgvs		NC_000023.11(XM_047441855.1):c.358C>T	NC_000023.11(NM_000397.4):c.664C>T	N/A	N/A	False
CYBB	A0396	c.1012C>A	c_hgvs		NC_000023.11(XM_047441855.1):c.706C>A	NC_000023.11(NM_000397.4):c.1012C>A	N/A	N/A	False
CYBB	A0397	c.1012C>T	c_hgvs		NC_000023.11(XM_047441855.1):c.706C>T	NC_000023.11(NM_000397.4):c.1012C>T	N/A	N/A	False
CYBB	A0398	c.1012C>T	c_hgvs		NC_000023.11(XM_047441855.1):c.706C>T	NC_000023.11(NM_000397.4):c.1012C>T	N/A	N/A	False
CYBB	A0399	c.1061A>G	c_hgvs		NC_000023.11(XM_047441855.1):c.755A>G	NC_000023.11(NM_000397.4):c.1061A>G	N/A	N/A	False
CYBB	A0400	c.1061A>G	c_hgvs		NC_000023.11(XM_047441855.1):c.755A>G	NC_000023.11(NM_000397.4):c.1061A>G	N/A	N/A	False
CYBB	A0401	c.973A>T	c_hgvs		NC_000023.11(XM_047441855.1):c.667A>T	NC_000023.11(NM_000397.4):c.973A>T	N/A	N/A	False
CYBB	A0402	c.897G>T	c_hgvs		NC_000023.11(XM_047441855.1):c.591G>T	NC_000023.11(NM_000397.4):c.897G>T	N/A	N/A	False
CYBB	A0403	c.1309A>T	c_hgvs		NC_000023.11(XM_047441855.1):c.1003A>T	NC_000023.11(NM_000397.4):c.1309A>T	N/A	N/A	False
CYBB	A0404	c.1025T>A	c_hgvs		NC_000023.11(XM_047441855.1):c.719T>A	NC_000023.11(NM_000397.4):c.1025T>A	N/A	N/A	False
CYBB	A0405	c.1094T>C	c_hgvs		NC_000023.11(XM_047441855.1):c.788T>C	NC_000023.11(NM_000397.4):c.1094T>C	N/A	N/A	False
CYBB	A0406	c.1259T>C	c_hgvs		NC_000023.11(XM_047441855.1):c.953T>C	NC_000023.11(NM_000397.4):c.1259T>C	N/A	N/A	False
CYBB	A0407	c.1514T>C	c_hgvs		NC_000023.11(XM_047441855.1):c.1208T>C	NC_000023.11(NM_000397.4):c.1514T>C	N/A	N/A	False
CYBB	A0408	c.1514T>G	c_hgvs		NC_000023.11(XM_047441855.1):c.1208T>G	NC_000023.11(NM_000397.4):c.1514T>G	N/A	N/A	False
CYBB	A0409	c.1637T>C	c_hgvs		NC_000023.11(XM_047441855.1):c.1331T>C	NC_000023.11(NM_000397.4):c.1637T>C	N/A	N/A	False
CYBB	A0410	c.320T>G	c_hgvs		NC_000023.11(XM_047441855.1):c.14T>G	NC_000023.11(NM_000397.4):c.320T>G	N/A	N/A	False
CYBB	A0411	c.2T>A	c_hgvs		NC_000023.11(XM_047441855.1):c.-3700T>A	NC_000023.11(NM_000397.4):c.2T>A	N/A	N/A	False
CYBB	A0412	c.2T>G	c_hgvs		NC_000023.11(XM_047441855.1):c.-3700T>G	NC_000023.11(NM_000397.4):c.2T>G	N/A	N/A	False
CYBB	A0413	c.189C>G	c_hgvs		NC_000023.11(XM_047441855.1):c.-242C>G	NC_000023.11(NM_000397.4):c.189C>G	N/A	N/A	False
CYBB	A0414	c.189C>G	c_hgvs		NC_000023.11(XM_047441855.1):c.-242C>G	NC_000023.11(NM_000397.4):c.189C>G	N/A	N/A	False
CYBB	A0416	c.1016C>A	c_hgvs		NC_000023.11(XM_047441855.1):c.710C>A	NC_000023.11(NM_000397.4):c.1016C>A	N/A	N/A	False
CYBB	A0417	c.1016C>A	c_hgvs		NC_000023.11(XM_047441855.1):c.710C>A	NC_000023.11(NM_000397.4):c.1016C>A	N/A	N/A	False
CYBB	A0418	c.1169C>T	c_hgvs		NC_000023.11(XM_047441855.1):c.863C>T	NC_000023.11(NM_000397.4):c.1169C>T	N/A	N/A	False
CYBB	A0419	c.1244C>G	c_hgvs		NC_000023.11(XM_047441855.1):c.938C>G	NC_000023.11(NM_000397.4):c.1244C>G	N/A	N/A	False
CYBB	A0420	c.442C>T	c_hgvs		NC_000023.11(XM_047441855.1):c.136C>T	NC_000023.11(NM_000397.4):c.442C>T	N/A	N/A	False
CYBB	A0421	c.691C>T	c_hgvs		NC_000023.11(XM_047441855.1):c.385C>T	NC_000023.11(NM_000397.4):c.691C>T	N/A	N/A	False
CYBB	A0422	c.691C>T	c_hgvs		NC_000023.11(XM_047441855.1):c.385C>T	NC_000023.11(NM_000397.4):c.691C>T	N/A	N/A	False
CYBB	A0423	c.736C>T	c_hgvs		NC_000023.11(XM_047441855.1):c.430C>T	NC_000023.11(NM_000397.4):c.736C>T	N/A	N/A	False
CYBB	A0424	c.781C>T	c_hgvs		NC_000023.11(XM_047441855.1):c.475C>T	NC_000023.11(NM_000397.4):c.781C>T	N/A	N/A	False
CYBB	A0425	c.781C>T	c_hgvs		NC_000023.11(XM_047441855.1):c.475C>T	NC_000023.11(NM_000397.4):c.781C>T	N/A	N/A	False
CYBB	A0426	c.1396C>T	c_hgvs		NC_000023.11(XM_047441855.1):c.1090C>T	NC_000023.11(NM_000397.4):c.1396C>T	N/A	N/A	False
CYBB	A0427	c.388C>T	c_hgvs		NC_000023.11(XM_047441855.1):c.82C>T	NC_000023.11(NM_000397.4):c.388C>T	N/A	N/A	False
CYBB	A0428	c.388C>T	c_hgvs		NC_000023.11(XM_047441855.1):c.82C>T	NC_000023.11(NM_000397.4):c.388C>T	N/A	N/A	False
CYBB	A0429	c.388C>T	c_hgvs		NC_000023.11(XM_047441855.1):c.82C>T	NC_000023.11(NM_000397.4):c.388C>T	N/A	N/A	False
CYBB	A0430	c.388C>T	c_hgvs		NC_000023.11(XM_047441855.1):c.82C>T	NC_000023.11(NM_000397.4):c.388C>T	N/A	N/A	False
CYBB	A0431	c.388C>T	c_hgvs		NC_000023.11(XM_047441855.1):c.82C>T	NC_000023.11(NM_000397.4):c.388C>T	N/A	N/A	False
CYBB	A0432	c.388C>T	c_hgvs		NC_000023.11(XM_047441855.1):c.82C>T	NC_000023.11(NM_000397.4):c.388C>T	N/A	N/A	False
CYBB	A0433	c.469C>T	c_hgvs		NC_000023.11(XM_047441855.1):c.163C>T	NC_000023.11(NM_000397.4):c.469C>T	N/A	N/A	False
CYBB	A0434	c.469C>T	c_hgvs		NC_000023.11(XM_047441855.1):c.163C>T	NC_000023.11(NM_000397.4):c.469C>T	N/A	N/A	False
CYBB	A0435	c.676C>T	c_hgvs		NC_000023.11(XM_047441855.1):c.370C>T	NC_000023.11(NM_000397.4):c.676C>T	N/A	N/A	False
CYBB	A0436	c.676C>T	c_hgvs		NC_000023.11(XM_047441855.1):c.370C>T	NC_000023.11(NM_000397.4):c.676C>T	N/A	N/A	False
CYBB	A0437	c.676C>T	c_hgvs		NC_000023.11(XM_047441855.1):c.370C>T	NC_000023.11(NM_000397.4):c.676C>T	N/A	N/A	False
CYBB	A0438	c.676C>T	c_hgvs		NC_000023.11(XM_047441855.1):c.370C>T	NC_000023.11(NM_000397.4):c.676C>T	N/A	N/A	False
CYBB	A0439	c.676C>T	c_hgvs		NC_000023.11(XM_047441855.1):c.370C>T	NC_000023.11(NM_000397.4):c.676C>T	N/A	N/A	False
CYBB	A0440	c.676C>T	c_hgvs		NC_000023.11(XM_047441855.1):c.370C>T	NC_000023.11(NM_000397.4):c.676C>T	N/A	N/A	False
CYBB	A0441	c.676C>T	c_hgvs		NC_000023.11(XM_047441855.1):c.370C>T	NC_000023.11(NM_000397.4):c.676C>T	N/A	N/A	False
CYBB	A0442	c.676C>T	c_hgvs		NC_000023.11(XM_047441855.1):c.370C>T	NC_000023.11(NM_000397.4):c.676C>T	N/A	N/A	False
CYBB	A0443	c.868C>T	c_hgvs		NC_000023.11(XM_047441855.1):c.562C>T	NC_000023.11(NM_000397.4):c.868C>T	N/A	N/A	False
CYBB	A0444	c.868C>T	c_hgvs		NC_000023.11(XM_047441855.1):c.562C>T	NC_000023.11(NM_000397.4):c.868C>T	N/A	N/A	False
CYBB	A0445	c.868C>T	c_hgvs		NC_000023.11(XM_047441855.1):c.562C>T	NC_000023.11(NM_000397.4):c.868C>T	N/A	N/A	False
CYBB	A0446	c.868C>T	c_hgvs		NC_000023.11(XM_047441855.1):c.562C>T	NC_000023.11(NM_000397.4):c.868C>T	N/A	N/A	False
CYBB	A0447	c.868C>T	c_hgvs		NC_000023.11(XM_047441855.1):c.562C>T	NC_000023.11(NM_000397.4):c.868C>T	N/A	N/A	False
CYBB	A0448	c.868C>T	c_hgvs		NC_000023.11(XM_047441855.1):c.562C>T	NC_000023.11(NM_000397.4):c.868C>T	N/A	N/A	False
CYBB	A0449	c.868C>T	c_hgvs		NC_000023.11(XM_047441855.1):c.562C>T	NC_000023.11(NM_000397.4):c.868C>T	N/A	N/A	False
CYBB	A0450	c.868C>T	c_hgvs		NC_000023.11(XM_047441855.1):c.562C>T	NC_000023.11(NM_000397.4):c.868C>T	N/A	N/A	False
CYBB	A0451	c.868C>T	c_hgvs		NC_000023.11(XM_047441855.1):c.562C>T	NC_000023.11(NM_000397.4):c.868C>T	N/A	N/A	False
CYBB	A0452	c.868C>T	c_hgvs		NC_000023.11(XM_047441855.1):c.562C>T	NC_000023.11(NM_000397.4):c.868C>T	N/A	N/A	False
CYBB	A0453	c.868C>T	c_hgvs		NC_000023.11(XM_047441855.1):c.562C>T	NC_000023.11(NM_000397.4):c.868C>T	N/A	N/A	False
CYBB	A0454	c.1067G>C	c_hgvs		NC_000023.11(XM_047441855.1):c.761G>C	NC_000023.11(NM_000397.4):c.1067G>C	N/A	N/A	False
CYBB	A0455	c.161G>T	c_hgvs		NC_000023.11(XM_047441855.1):c.-270G>T	NC_000023.11(NM_000397.4):c.161G>T	N/A	N/A	False
CYBB	A0456	c.217C>T	c_hgvs		NC_000023.11(XM_047441855.1):c.-214C>T	NC_000023.11(NM_000397.4):c.217C>T	N/A	N/A	False
CYBB	A0457	c.217C>T	c_hgvs		NC_000023.11(XM_047441855.1):c.-214C>T	NC_000023.11(NM_000397.4):c.217C>T	N/A	N/A	False
CYBB	A0458	c.217C>T	c_hgvs		NC_000023.11(XM_047441855.1):c.-214C>T	NC_000023.11(NM_000397.4):c.217C>T	N/A	N/A	False
CYBB	A0459	c.217C>T	c_hgvs		NC_000023.11(XM_047441855.1):c.-214C>T	NC_000023.11(NM_000397.4):c.217C>T	N/A	N/A	False
CYBB	A0460	c.271C>T	c_hgvs		NC_000023.11(XM_047441855.1):c.-36C>T	NC_000023.11(NM_000397.4):c.271C>T	N/A	N/A	False
CYBB	A0461	c.271C>T	c_hgvs		NC_000023.11(XM_047441855.1):c.-36C>T	NC_000023.11(NM_000397.4):c.271C>T	N/A	N/A	False
CYBB	A0462	c.271C>T	c_hgvs		NC_000023.11(XM_047441855.1):c.-36C>T	NC_000023.11(NM_000397.4):c.271C>T	N/A	N/A	False
CYBB	A0463	c.271C>T	c_hgvs		NC_000023.11(XM_047441855.1):c.-36C>T	NC_000023.11(NM_000397.4):c.271C>T	N/A	N/A	False
CYBB	A0464	c.271C>T	c_hgvs		NC_000023.11(XM_047441855.1):c.-36C>T	NC_000023.11(NM_000397.4):c.271C>T	N/A	N/A	False
CYBB	A0465	c.424T>C	c_hgvs		NC_000023.11(XM_047441855.1):c.118T>C	NC_000023.11(NM_000397.4):c.424T>C	N/A	N/A	False
CYBB	A0466	c.578C>T	c_hgvs		NC_000023.11(XM_047441855.1):c.272C>T	NC_000023.11(NM_000397.4):c.578C>T	N/A	N/A	False
CYBB	A0467	c.1031C>T	c_hgvs		NC_000023.11(XM_047441855.1):c.725C>T	NC_000023.11(NM_000397.4):c.1031C>T	N/A	N/A	False
CYBB	A0468	c.1031C>T	c_hgvs		NC_000023.11(XM_047441855.1):c.725C>T	NC_000023.11(NM_000397.4):c.1031C>T	N/A	N/A	False
CYBB	A0469	c.919A>C	c_hgvs		NC_000023.11(XM_047441855.1):c.613A>C	NC_000023.11(NM_000397.4):c.919A>C	N/A	N/A	False
CYBB	A0470	c.1022C>T	c_hgvs		NC_000023.11(XM_047441855.1):c.716C>T	NC_000023.11(NM_000397.4):c.1022C>T	N/A	N/A	False
CYBB	A0477	c.84G>A	c_hgvs		NC_000023.11(XM_047441855.1):c.-1653G>A	NC_000023.11(NM_000397.4):c.84G>A	N/A	N/A	False
CYBB	A0478	c.84G>A	c_hgvs		NC_000023.11(XM_047441855.1):c.-1653G>A	NC_000023.11(NM_000397.4):c.84G>A	N/A	N/A	False
CYBB	A0479	c.318G>A	c_hgvs		NC_000023.11(XM_047441855.1):c.12G>A	NC_000023.11(NM_000397.4):c.318G>A	N/A	N/A	False
CYBB	A0480	c.375G>T	c_hgvs		NC_000023.11(XM_047441855.1):c.69G>T	NC_000023.11(NM_000397.4):c.375G>T	N/A	N/A	False
CYBB	A0482	c.816G>A	c_hgvs		NC_000023.11(XM_047441855.1):c.510G>A	NC_000023.11(NM_000397.4):c.816G>A	N/A	N/A	False
CYBB	A0483	c.84G>A	c_hgvs		NC_000023.11(XM_047441855.1):c.-1653G>A	NC_000023.11(NM_000397.4):c.84G>A	N/A	N/A	False
CYBB	A0484	c.1083G>A	c_hgvs		NC_000023.11(XM_047441855.1):c.777G>A	NC_000023.11(NM_000397.4):c.1083G>A	N/A	N/A	False
CYBB	A0485	c.1329G>A	c_hgvs		NC_000023.11(XM_047441855.1):c.1023G>A	NC_000023.11(NM_000397.4):c.1329G>A	N/A	N/A	False
CYBB	A0486	c.1357T>C	c_hgvs		NC_000023.11(XM_047441855.1):c.1051T>C	NC_000023.11(NM_000397.4):c.1357T>C	N/A	N/A	False
CYBB	A0487	c.1357T>C	c_hgvs		NC_000023.11(XM_047441855.1):c.1051T>C	NC_000023.11(NM_000397.4):c.1357T>C	N/A	N/A	False
CYBB	A0488	c.1358G>A	c_hgvs		NC_000023.11(XM_047441855.1):c.1052G>A	NC_000023.11(NM_000397.4):c.1358G>A	N/A	N/A	False
CYBB	A0489	c.1359G>A	c_hgvs		NC_000023.11(XM_047441855.1):c.1053G>A	NC_000023.11(NM_000397.4):c.1359G>A	N/A	N/A	False
CYBB	A0490	c.11G>A	c_hgvs		NC_000023.11(XM_047441855.1):c.-3691G>A	NC_000023.11(NM_000397.4):c.11G>A	N/A	N/A	False
CYBB	A0491	c.12G>A	c_hgvs		NC_000023.11(XM_047441855.1):c.-3690G>A	NC_000023.11(NM_000397.4):c.12G>A	N/A	N/A	False
CYBB	A0492	c.12G>A	c_hgvs		NC_000023.11(XM_047441855.1):c.-3690G>A	NC_000023.11(NM_000397.4):c.12G>A	N/A	N/A	False
CYBB	A0493	c.12G>A	c_hgvs		NC_000023.11(XM_047441855.1):c.-3690G>A	NC_000023.11(NM_000397.4):c.12G>A	N/A	N/A	False
CYBB	A0494	c.1546T>C	c_hgvs		NC_000023.11(XM_047441855.1):c.1240T>C	NC_000023.11(NM_000397.4):c.1546T>C	N/A	N/A	False
CYBB	A0495	c.121T>G	c_hgvs		NC_000023.11(XM_047441855.1):c.-1616T>G	NC_000023.11(NM_000397.4):c.121T>G	N/A	N/A	False
CYBB	A0496	c.1275C>G	c_hgvs		NC_000023.11(XM_047441855.1):c.969C>G	NC_000023.11(NM_000397.4):c.1275C>G	N/A	N/A	False
CYBB	A0498	c.46-2A>G	c_hgvs		NC_000023.11(XM_047441855.1):c.-1693A>G	NC_000023.11(NM_000397.4):c.46-2A>G	N/A	N/A	False
CYBB	A0499	c.46-2A>G	c_hgvs		NC_000023.11(XM_047441855.1):c.-1693A>G	NC_000023.11(NM_000397.4):c.46-2A>G	N/A	N/A	False
CYBB	A0500	c.46-1G>A	c_hgvs		NC_000023.11(XM_047441855.1):c.-1692G>A	NC_000023.11(NM_000397.4):c.46-1G>A	N/A	N/A	False
CYBB	A0501	c.141+2T>G	c_hgvs		NC_000023.11(XM_047441855.1):c.-1594T>G	NC_000023.11(NM_000397.4):c.141+2T>G	N/A	N/A	False
CYBB	A0502	c.141+1G>A	c_hgvs		NC_000023.11(XM_047441855.1):c.-1595G>A	NC_000023.11(NM_000397.4):c.141+1G>A	N/A	N/A	False
CYBB	A0503	c.141+1G>A	c_hgvs		NC_000023.11(XM_047441855.1):c.-1595G>A	NC_000023.11(NM_000397.4):c.141+1G>A	N/A	N/A	False
CYBB	A0504	c.141+2T>G	c_hgvs		NC_000023.11(XM_047441855.1):c.-1594T>G	NC_000023.11(NM_000397.4):c.141+2T>G	N/A	N/A	False
CYBB	A0505	c.141+2T>G	c_hgvs		NC_000023.11(XM_047441855.1):c.-1594T>G	NC_000023.11(NM_000397.4):c.141+2T>G	N/A	N/A	False
CYBB	A0506	c.141+2T>C	c_hgvs		NC_000023.11(XM_047441855.1):c.-1594T>C	NC_000023.11(NM_000397.4):c.141+2T>C	N/A	N/A	False
CYBB	A0507	c.252+5G>A	c_hgvs		NC_000023.11(XM_047441855.1):c.-179+5G>A	NC_000023.11(NM_000397.4):c.252+5G>A	N/A	N/A	False
CYBB	A0508	c.252+5G>A	c_hgvs		NC_000023.11(XM_047441855.1):c.-179+5G>A	NC_000023.11(NM_000397.4):c.252+5G>A	N/A	N/A	False
CYBB	A0509	c.252+1G>T	c_hgvs		NC_000023.11(XM_047441855.1):c.-179+1G>T	NC_000023.11(NM_000397.4):c.252+1G>T	N/A	N/A	False
CYBB	A0510	c.252+1G>A	c_hgvs		NC_000023.11(XM_047441855.1):c.-179+1G>A	NC_000023.11(NM_000397.4):c.252+1G>A	N/A	N/A	False
CYBB	A0512	c.338-1G>A	c_hgvs		NC_000023.11(XM_047441855.1):c.32-1G>A	NC_000023.11(NM_000397.4):c.338-1G>A	N/A	N/A	False
CYBB	A0513	c.338-1G>A	c_hgvs		NC_000023.11(XM_047441855.1):c.32-1G>A	NC_000023.11(NM_000397.4):c.338-1G>A	N/A	N/A	False
CYBB	A0515	c.483+1G>A	c_hgvs		NC_000023.11(XM_047441855.1):c.177+1G>A	NC_000023.11(NM_000397.4):c.483+1G>A	N/A	N/A	False
CYBB	A0516	c.483+1G>T	c_hgvs		NC_000023.11(XM_047441855.1):c.177+1G>T	NC_000023.11(NM_000397.4):c.483+1G>T	N/A	N/A	False
CYBB	A0517	c.483+1G>T	c_hgvs		NC_000023.11(XM_047441855.1):c.177+1G>T	NC_000023.11(NM_000397.4):c.483+1G>T	N/A	N/A	False
CYBB	A0518	c.674+6T>A	c_hgvs		NC_000023.11(XM_047441855.1):c.368+6T>A	NC_000023.11(NM_000397.4):c.674+6T>A	N/A	N/A	False
CYBB	A0519	c.674+5G>C	c_hgvs		NC_000023.11(XM_047441855.1):c.368+5G>C	NC_000023.11(NM_000397.4):c.674+5G>C	N/A	N/A	False
CYBB	A0520	c.805-2A>G	c_hgvs		NC_000023.11(XM_047441855.1):c.499-2A>G	NC_000023.11(NM_000397.4):c.805-2A>G	N/A	N/A	False
CYBB	A0521	c.805-1G>A	c_hgvs		NC_000023.11(XM_047441855.1):c.499-1G>A	NC_000023.11(NM_000397.4):c.805-1G>A	N/A	N/A	False
CYBB	A0522	c.804+1G>A	c_hgvs		NC_000023.11(XM_047441855.1):c.498+1G>A	NC_000023.11(NM_000397.4):c.804+1G>A	N/A	N/A	False
CYBB	A0523	c.804+1G>T	c_hgvs		NC_000023.11(XM_047441855.1):c.498+1G>T	NC_000023.11(NM_000397.4):c.804+1G>T	N/A	N/A	False
CYBB	A0524	c.897+1G>A	c_hgvs		NC_000023.11(XM_047441855.1):c.591+1G>A	NC_000023.11(NM_000397.4):c.897+1G>A	N/A	N/A	False
CYBB	A0525	c.1151+5G>A	c_hgvs		NC_000023.11(XM_047441855.1):c.845+5G>A	NC_000023.11(NM_000397.4):c.1151+5G>A	N/A	N/A	False
CYBB	A0526	c.1314+1G>A	c_hgvs		NC_000023.11(XM_047441855.1):c.1008+1G>A	NC_000023.11(NM_000397.4):c.1314+1G>A	N/A	N/A	False
CYBB	A0527	c.1314+2T>A	c_hgvs		NC_000023.11(XM_047441855.1):c.1008+2T>A	NC_000023.11(NM_000397.4):c.1314+2T>A	N/A	N/A	False
CYBB	A0529	c.1314+1G>T	c_hgvs		NC_000023.11(XM_047441855.1):c.1008+1G>T	NC_000023.11(NM_000397.4):c.1314+1G>T	N/A	N/A	False
CYBB	A0530	c.1461+1G>T	c_hgvs		NC_000023.11(XM_047441855.1):c.1155+1G>T	NC_000023.11(NM_000397.4):c.1461+1G>T	N/A	N/A	False
CYBB	A0531	c.1462-2A>G	c_hgvs		NC_000023.11(XM_047441855.1):c.1156-2A>G	NC_000023.11(NM_000397.4):c.1462-2A>G	N/A	N/A	False
CYBB	A0532	c.1462-1G>A	c_hgvs		NC_000023.11(XM_047441855.1):c.1156-1G>A	NC_000023.11(NM_000397.4):c.1462-1G>A	N/A	N/A	False
CYBB	A0533	c.1587-2A>G	c_hgvs		NC_000023.11(XM_047441855.1):c.1281-2A>G	NC_000023.11(NM_000397.4):c.1587-2A>G	N/A	N/A	False
CYBB	A0534	c.252G>A	c_hgvs		NC_000023.11(XM_047441855.1):c.-179G>A	NC_000023.11(NM_000397.4):c.252G>A	N/A	N/A	False
CYBB	A0535	c.1010G>A	c_hgvs		NC_000023.11(XM_047441855.1):c.704G>A	NC_000023.11(NM_000397.4):c.1010G>A	N/A	N/A	False
CYBB	A0536	c.844_874del	c_hgvs		NC_000023.11(XM_047441855.1):c.538_568del	NC_000023.11(NM_000397.4):c.844_874del	N/A	N/A	False
CYBB	A0537	c.1618delG	c_hgvs		NC_000023.11(XM_047441855.1):c.1312del	NC_000023.11(NM_000397.4):c.1618del	N/A	N/A	False
CYBB	A0541	c.177C>G	c_hgvs		NC_000023.11(XM_047441855.1):c.-254C>G	NC_000023.11(NM_000397.4):c.177C>G	N/A	N/A	False
CYBB	A0542	c.867G>A	c_hgvs		NC_000023.11(XM_047441855.1):c.561G>A	NC_000023.11(NM_000397.4):c.867G>A	N/A	N/A	False
CYBB	A0543	c.398delA	c_hgvs		NC_000023.11(XM_047441855.1):c.92del	NC_000023.11(NM_000397.4):c.398del	N/A	N/A	False
CYBB	A0544	c.121T>G	c_hgvs		NC_000023.11(XM_047441855.1):c.-1616T>G	NC_000023.11(NM_000397.4):c.121T>G	N/A	N/A	False
CYBB	A0545	c.1609T>C	c_hgvs		NC_000023.11(XM_047441855.1):c.1303T>C	NC_000023.11(NM_000397.4):c.1609T>C	N/A	N/A	False
CYBB	A0556	c.1662dupT	c_hgvs		NC_000023.11(XM_047441855.1):c.1356dup	NC_000023.11(NM_000397.4):c.1662dup	N/A	N/A	False
CYBB	A0557	c.27dupG	c_hgvs		NC_000023.11(XM_047441855.1):c.-3675dup	NC_000023.11(NM_000397.4):c.27dup	N/A	N/A	False
CYBB	A0558	c.915delC	c_hgvs		NC_000023.11(XM_047441855.1):c.609del	NC_000023.11(NM_000397.4):c.915del	N/A	N/A	False
CYBB	A0559	c.422T>C	c_hgvs		NC_000023.11(XM_047441855.1):c.116T>C	NC_000023.11(NM_000397.4):c.422T>C	N/A	N/A	False
CYBB	A0560	c.1461+1G>T	c_hgvs		NC_000023.11(XM_047441855.1):c.1155+1G>T	NC_000023.11(NM_000397.4):c.1461+1G>T	N/A	N/A	False
CYBB	A0561	c.674+5G>C	c_hgvs		NC_000023.11(XM_047441855.1):c.368+5G>C	NC_000023.11(NM_000397.4):c.674+5G>C	N/A	N/A	False
CYBB	A0562	c.674+5G>C	c_hgvs		NC_000023.11(XM_047441855.1):c.368+5G>C	NC_000023.11(NM_000397.4):c.674+5G>C	N/A	N/A	False
CYBB	A0563	c.84G>A	c_hgvs		NC_000023.11(XM_047441855.1):c.-1653G>A	NC_000023.11(NM_000397.4):c.84G>A	N/A	N/A	False
CYBB	A0564	c.375G>A	c_hgvs		NC_000023.11(XM_047441855.1):c.69G>A	NC_000023.11(NM_000397.4):c.375G>A	N/A	N/A	False
CYBB	A0565	c.469C>T	c_hgvs		NC_000023.11(XM_047441855.1):c.163C>T	NC_000023.11(NM_000397.4):c.469C>T	N/A	N/A	False
CYBB	A0566	c.469C>T	c_hgvs		NC_000023.11(XM_047441855.1):c.163C>T	NC_000023.11(NM_000397.4):c.469C>T	N/A	N/A	False
CYBB	A0567	c.469C>T	c_hgvs		NC_000023.11(XM_047441855.1):c.163C>T	NC_000023.11(NM_000397.4):c.469C>T	N/A	N/A	False
CYBB	A0568	c.469C>T	c_hgvs		NC_000023.11(XM_047441855.1):c.163C>T	NC_000023.11(NM_000397.4):c.469C>T	N/A	N/A	False
CYBB	A0569	c.958G>T	c_hgvs		NC_000023.11(XM_047441855.1):c.652G>T	NC_000023.11(NM_000397.4):c.958G>T	N/A	N/A	False
CYBB	A0570	c.1547G>A	c_hgvs		NC_000023.11(XM_047441855.1):c.1241G>A	NC_000023.11(NM_000397.4):c.1547G>A	N/A	N/A	False
CYBB	A0571	c.994delG	c_hgvs		NC_000023.11(XM_047441855.1):c.688del	NC_000023.11(NM_000397.4):c.994del	N/A	N/A	False
CYBB	A0573	c.1514T>G	c_hgvs		NC_000023.11(XM_047441855.1):c.1208T>G	NC_000023.11(NM_000397.4):c.1514T>G	N/A	N/A	False
CYBB	A0574	c.1255dupA	c_hgvs		NC_000023.11(XM_047441855.1):c.949dup	NC_000023.11(NM_000397.4):c.1255dup	N/A	N/A	False
CYBB	A0575	c.83G>A	c_hgvs		NC_000023.11(XM_047441855.1):c.-1654G>A	NC_000023.11(NM_000397.4):c.83G>A	N/A	N/A	False
CYBB	A0576	c.217C>T	c_hgvs		NC_000023.11(XM_047441855.1):c.-214C>T	NC_000023.11(NM_000397.4):c.217C>T	N/A	N/A	False
CYBB	A0577	c.252G>A	c_hgvs		NC_000023.11(XM_047441855.1):c.-179G>A	NC_000023.11(NM_000397.4):c.252G>A	N/A	N/A	False
CYBB	A0578	c.252G>A	c_hgvs		NC_000023.11(XM_047441855.1):c.-179G>A	NC_000023.11(NM_000397.4):c.252G>A	N/A	N/A	False
CYBB	A0579	c.1314+1G>A	c_hgvs		NC_000023.11(XM_047441855.1):c.1008+1G>A	NC_000023.11(NM_000397.4):c.1314+1G>A	N/A	N/A	False
CYBB	A0580	c.1152-2A>G	c_hgvs		NC_000023.11(XM_047441855.1):c.846-2A>G	NC_000023.11(NM_000397.4):c.1152-2A>G	N/A	N/A	False
CYBB	A0581	c.675-1157A>G	c_hgvs		NC_000023.11(XM_047441855.1):c.369-1157A>G	NC_000023.11(NM_000397.4):c.675-1157A>G	N/A	N/A	False
CYBB	A0582	c.788delC	c_hgvs		NC_000023.11(XM_047441855.1):c.482del	NC_000023.11(NM_000397.4):c.788del	N/A	N/A	False
CYBB	A0584	c.979delG	c_hgvs		NC_000023.11(XM_047441855.1):c.673del	NC_000023.11(NM_000397.4):c.979del	N/A	N/A	False
CYBB	A0585	c.555_560dup	c_hgvs		NC_000023.11(XM_047441855.1):c.249_254dup	NC_000023.11(NM_000397.4):c.555_560dup	N/A	N/A	False
CYBB	A0586	c.318G>A	c_hgvs		NC_000023.11(XM_047441855.1):c.12G>A	NC_000023.11(NM_000397.4):c.318G>A	N/A	N/A	False
CYBB	A0587	c.388C>T	c_hgvs		NC_000023.11(XM_047441855.1):c.82C>T	NC_000023.11(NM_000397.4):c.388C>T	N/A	N/A	False
CYBB	A0588	c.676C>T	c_hgvs		NC_000023.11(XM_047441855.1):c.370C>T	NC_000023.11(NM_000397.4):c.676C>T	N/A	N/A	False
CYBB	A0589	c.1326C>G	c_hgvs		NC_000023.11(XM_047441855.1):c.1020C>G	NC_000023.11(NM_000397.4):c.1326C>G	N/A	N/A	False
CYBB	A0590	c.919A>C	c_hgvs		NC_000023.11(XM_047441855.1):c.613A>C	NC_000023.11(NM_000397.4):c.919A>C	N/A	N/A	False
CYBB	A0592	c.45+1G>A	c_hgvs		NC_000023.11(XM_047441855.1):c.-3656G>A	NC_000023.11(NM_000397.4):c.45+1G>A	N/A	N/A	False
CYBB	A0593	c.46-1G>T	c_hgvs		NC_000023.11(XM_047441855.1):c.-1692G>T	NC_000023.11(NM_000397.4):c.46-1G>T	N/A	N/A	False
CYBB	A0594	c.252+5G>A	c_hgvs		NC_000023.11(XM_047441855.1):c.-179+5G>A	NC_000023.11(NM_000397.4):c.252+5G>A	N/A	N/A	False
CYBB	A0595	c.337+1G>C	c_hgvs		NC_000023.11(XM_047441855.1):c.31+1G>C	NC_000023.11(NM_000397.4):c.337+1G>C	N/A	N/A	False
CYBB	A0596	c.388C>T	c_hgvs		NC_000023.11(XM_047441855.1):c.82C>T	NC_000023.11(NM_000397.4):c.388C>T	N/A	N/A	False
CYBB	A0597	c.628_631dup	c_hgvs		NC_000023.11(XM_047441855.1):c.322_325dup	NC_000023.11(NM_000397.4):c.628_631dup	N/A	N/A	False
CYBB	A0598	c.1284C>A	c_hgvs		NC_000023.11(XM_047441855.1):c.978C>A	NC_000023.11(NM_000397.4):c.1284C>A	N/A	N/A	False
CYBB	A0599	c.142_159delinsCCTGCCTGAATTTCT	c_hgvs		NC_000023.11(XM_047441855.1):c.-289_-272delinsCCTGCCTGAATTTCT	NC_000023.11(NM_000397.4):c.142_159delinsCCTGCCTGAATTTCT	N/A	N/A	False
CYBB	A0600	c.142_159delinsCCTGCCTGAATTTCT	c_hgvs		NC_000023.11(XM_047441855.1):c.-289_-272delinsCCTGCCTGAATTTCT	NC_000023.11(NM_000397.4):c.142_159delinsCCTGCCTGAATTTCT	N/A	N/A	False
CYBB	A0601	c.142_159delinsCCTGCCTGAATTTCT	c_hgvs		NC_000023.11(XM_047441855.1):c.-289_-272delinsCCTGCCTGAATTTCT	NC_000023.11(NM_000397.4):c.142_159delinsCCTGCCTGAATTTCT	N/A	N/A	False
CYBB	A0602	c.742dupA	c_hgvs		NC_000023.11(XM_047441855.1):c.436dup	NC_000023.11(NM_000397.4):c.742dup	N/A	N/A	False
CYBB	A0603	c.742dupA	c_hgvs		NC_000023.11(XM_047441855.1):c.436dup	NC_000023.11(NM_000397.4):c.742dup	N/A	N/A	False
CYBB	A0604	c.742dupA	c_hgvs		NC_000023.11(XM_047441855.1):c.436dup	NC_000023.11(NM_000397.4):c.742dup	N/A	N/A	False
CYBB	A0605	c.1333T>C	c_hgvs		NC_000023.11(XM_047441855.1):c.1027T>C	NC_000023.11(NM_000397.4):c.1333T>C	N/A	N/A	False
CYBB	A0606	c.483+978G>T	c_hgvs		NC_000023.11(XM_047441855.1):c.177+978G>T	NC_000023.11(NM_000397.4):c.483+978G>T	N/A	N/A	False
CYBB	A0607	c.700G>T	c_hgvs		NC_000023.11(XM_047441855.1):c.394G>T	NC_000023.11(NM_000397.4):c.700G>T	N/A	N/A	False
CYBB	A0610	c.1123G>T	c_hgvs		NC_000023.11(XM_047441855.1):c.817G>T	NC_000023.11(NM_000397.4):c.1123G>T	N/A	N/A	False
CYBB	A0611	c.1076G>C	c_hgvs		NC_000023.11(XM_047441855.1):c.770G>C	NC_000023.11(NM_000397.4):c.1076G>C	N/A	N/A	False
CYBB	A0613	c.1357T>A	c_hgvs		NC_000023.11(XM_047441855.1):c.1051T>A	NC_000023.11(NM_000397.4):c.1357T>A	N/A	N/A	False
CYBB	A0614	c.185delT	c_hgvs		NC_000023.11(XM_047441855.1):c.-246del	NC_000023.11(NM_000397.4):c.185del	N/A	N/A	False
CYBB	A0615	c.141+5G>T	c_hgvs		NC_000023.11(XM_047441855.1):c.-1591G>T	NC_000023.11(NM_000397.4):c.141+5G>T	N/A	N/A	False
CYBB	A0616	c.142-1G>A	c_hgvs		NC_000023.11(XM_047441855.1):c.-290G>A	NC_000023.11(NM_000397.4):c.142-1G>A	N/A	N/A	False
CYBB	A0617	c.1287_1294delinsAAGCCA	c_hgvs		NC_000023.11(XM_047441855.1):c.[981del;984del]	NC_000023.11(NM_000397.4):c.[1287del;1290del]	N/A	N/A	False
CYBB	A0622	c.1272G>A	c_hgvs		NC_000023.11(XM_047441855.1):c.966G>A	NC_000023.11(NM_000397.4):c.1272G>A	N/A	N/A	False
CYBB	A0623	c.1272G>A	c_hgvs		NC_000023.11(XM_047441855.1):c.966G>A	NC_000023.11(NM_000397.4):c.1272G>A	N/A	N/A	False
CYBB	A0624	c.810G>A	c_hgvs		NC_000023.11(XM_047441855.1):c.504G>A	NC_000023.11(NM_000397.4):c.810G>A	N/A	N/A	False
CYBB	A0625	c.46-1G>C	c_hgvs		NC_000023.11(XM_047441855.1):c.-1692G>C	NC_000023.11(NM_000397.4):c.46-1G>C	N/A	N/A	False
CYBB	A0626	c.253-1G>A	c_hgvs		NC_000023.11(XM_047441855.1):c.-54-1G>A	NC_000023.11(NM_000397.4):c.253-1G>A	N/A	N/A	False
CYBB	A0627	c.577T>C	c_hgvs		NC_000023.11(XM_047441855.1):c.271T>C	NC_000023.11(NM_000397.4):c.577T>C	N/A	N/A	False
CYBB	A0628	c.713delT	c_hgvs		NC_000023.11(XM_047441855.1):c.407del	NC_000023.11(NM_000397.4):c.713del	N/A	N/A	False
CYBB	A0629	c.935T>A	c_hgvs		NC_000023.11(XM_047441855.1):c.629T>A	NC_000023.11(NM_000397.4):c.935T>A	N/A	N/A	False
CYBB	A0630	c.1327delT	c_hgvs		NC_000023.11(XM_047441855.1):c.1021del	NC_000023.11(NM_000397.4):c.1327del	N/A	N/A	False
CYBB	A0631	c.1437C>A	c_hgvs		NC_000023.11(XM_047441855.1):c.1131C>A	NC_000023.11(NM_000397.4):c.1437C>A	N/A	N/A	False
CYBB	A0632	c.1498G>C	c_hgvs		NC_000023.11(XM_047441855.1):c.1192G>C	NC_000023.11(NM_000397.4):c.1498G>C	N/A	N/A	False
CYBB	A0633	c.252G>A	c_hgvs		NC_000023.11(XM_047441855.1):c.-179G>A	NC_000023.11(NM_000397.4):c.252G>A	N/A	N/A	False
CYBB	A0634	c.252G>A	c_hgvs		NC_000023.11(XM_047441855.1):c.-179G>A	NC_000023.11(NM_000397.4):c.252G>A	N/A	N/A	False
CYBB	A0639	c.868C>T	c_hgvs		NC_000023.11(XM_047441855.1):c.562C>T	NC_000023.11(NM_000397.4):c.868C>T	N/A	N/A	False
CYBB	A0642	c.252G>A	c_hgvs		NC_000023.11(XM_047441855.1):c.-179G>A	NC_000023.11(NM_000397.4):c.252G>A	N/A	N/A	False
CYBB	A0643	c.271C>T	c_hgvs		NC_000023.11(XM_047441855.1):c.-36C>T	NC_000023.11(NM_000397.4):c.271C>T	N/A	N/A	False
CYBB	A0644	c.456T>A	c_hgvs		NC_000023.11(XM_047441855.1):c.150T>A	NC_000023.11(NM_000397.4):c.456T>A	N/A	N/A	False
CYBB	A0645	c.1532_1538delinsTTCA	c_hgvs		NC_000023.11(XM_047441855.1):c.1226_1232delinsTTCA	NC_000023.11(NM_000397.4):c.1532_1538delinsTTCA	N/A	N/A	False
CYBB	A0647	c.58G>A	c_hgvs		NC_000023.11(XM_047441855.1):c.-1679G>A	NC_000023.11(NM_000397.4):c.58G>A	N/A	N/A	False
CYBB	A0653	c.1A>G	c_hgvs		NC_000023.11(XM_047441855.1):c.-3701A>G	NC_000023.11(NM_000397.4):c.1A>G	N/A	N/A	False
CYBB	A0654	c.1A>G	c_hgvs		NC_000023.11(XM_047441855.1):c.-3701A>G	NC_000023.11(NM_000397.4):c.1A>G	N/A	N/A	False
CYBB	A0655	c.1A>G	c_hgvs		NC_000023.11(XM_047441855.1):c.-3701A>G	NC_000023.11(NM_000397.4):c.1A>G	N/A	N/A	False
CYBB	A0656	c.6dupG	c_hgvs		NC_000023.11(XM_047441855.1):c.-3696dup	NC_000023.11(NM_000397.4):c.6dup	N/A	N/A	False
CYBB	A0657	c.8dupA	c_hgvs		NC_000023.11(XM_047441855.1):c.-3694dup	NC_000023.11(NM_000397.4):c.8dup	N/A	N/A	False
CYBB	A0658	c.11G>A	c_hgvs		NC_000023.11(XM_047441855.1):c.-3691G>A	NC_000023.11(NM_000397.4):c.11G>A	N/A	N/A	False
CYBB	A0659	c.12G>A	c_hgvs		NC_000023.11(XM_047441855.1):c.-3690G>A	NC_000023.11(NM_000397.4):c.12G>A	N/A	N/A	False
CYBB	A0660	c.27delG	c_hgvs		NC_000023.11(XM_047441855.1):c.-3675del	NC_000023.11(NM_000397.4):c.27del	N/A	N/A	False
CYBB	A0661	c.45+1G>C	c_hgvs		NC_000023.11(XM_047441855.1):c.-3656G>C	NC_000023.11(NM_000397.4):c.45+1G>C	N/A	N/A	False
CYBB	A0662	c.45+1G>C	c_hgvs		NC_000023.11(XM_047441855.1):c.-3656G>C	NC_000023.11(NM_000397.4):c.45+1G>C	N/A	N/A	False
CYBB	A0663	c.45+1G>T	c_hgvs		NC_000023.11(XM_047441855.1):c.-3656G>T	NC_000023.11(NM_000397.4):c.45+1G>T	N/A	N/A	False
CYBB	A0664	c.45+1delG	c_hgvs		NC_000023.11(XM_047441855.1):c.-3656del	NC_000023.11(NM_000397.4):c.45+1del	N/A	N/A	False
CYBB	A0665	c.45+5G>A	c_hgvs		NC_000023.11(XM_047441855.1):c.-3652G>A	NC_000023.11(NM_000397.4):c.45+5G>A	N/A	N/A	False
CYBB	A0666	c.45+5_45+7delGTA	c_hgvs		NC_000023.11(XM_047441855.1):c.-3652_-3650del	NC_000023.11(NM_000397.4):c.45+5_45+7del	N/A	N/A	False
CYBB	A0668	c.46-14_46-11delinsGAA	c_hgvs		NC_000023.11(XM_047441855.1):c.-1705_-1702delinsGAA	NC_000023.11(NM_000397.4):c.46-14_46-11delinsGAA	N/A	N/A	False
CYBB	A0669	c.46-11T>G	c_hgvs		NC_000023.11(XM_047441855.1):c.-1702T>G	NC_000023.11(NM_000397.4):c.46-11T>G	N/A	N/A	False
CYBB	A0670	c.46-2A>G	c_hgvs		NC_000023.11(XM_047441855.1):c.-1693A>G	NC_000023.11(NM_000397.4):c.46-2A>G	N/A	N/A	False
CYBB	A0671	c.46-2A>G	c_hgvs		NC_000023.11(XM_047441855.1):c.-1693A>G	NC_000023.11(NM_000397.4):c.46-2A>G	N/A	N/A	False
CYBB	A0672	c.53G>A	c_hgvs		NC_000023.11(XM_047441855.1):c.-1684G>A	NC_000023.11(NM_000397.4):c.53G>A	N/A	N/A	False
CYBB	A0673	c.58G>A	c_hgvs		NC_000023.11(XM_047441855.1):c.-1679G>A	NC_000023.11(NM_000397.4):c.58G>A	N/A	N/A	False
CYBB	A0674	c.66_70delinsA	c_hgvs		NC_000023.11(XM_047441855.1):c.-1671_-1667delinsA	NC_000023.11(NM_000397.4):c.66_70delinsA	N/A	N/A	False
CYBB	A0675	c.80_83delTCTG	c_hgvs		NC_000023.11(XM_047441855.1):c.-1657_-1654del	NC_000023.11(NM_000397.4):c.80_83del	N/A	N/A	False
CYBB	A0676	c.80_83delTCTG	c_hgvs		NC_000023.11(XM_047441855.1):c.-1657_-1654del	NC_000023.11(NM_000397.4):c.80_83del	N/A	N/A	False
CYBB	A0677	c.80_83delTCTG	c_hgvs		NC_000023.11(XM_047441855.1):c.-1657_-1654del	NC_000023.11(NM_000397.4):c.80_83del	N/A	N/A	False
CYBB	A0678	c.83G>A	c_hgvs		NC_000023.11(XM_047441855.1):c.-1654G>A	NC_000023.11(NM_000397.4):c.83G>A	N/A	N/A	False
CYBB	A0679	c.84G>A	c_hgvs		NC_000023.11(XM_047441855.1):c.-1653G>A	NC_000023.11(NM_000397.4):c.84G>A	N/A	N/A	False
CYBB	A0680	c.85delT	c_hgvs		NC_000023.11(XM_047441855.1):c.-1652del	NC_000023.11(NM_000397.4):c.85del	N/A	N/A	False
CYBB	A0681	c.90C>A	c_hgvs		NC_000023.11(XM_047441855.1):c.-1647C>A	NC_000023.11(NM_000397.4):c.90C>A	N/A	N/A	False
CYBB	A0682	c.90_92delinsGGT	c_hgvs		NC_000023.11(XM_047441855.1):c.-1647_-1645delinsGGT	NC_000023.11(NM_000397.4):c.90_92delinsGGT	N/A	N/A	False
CYBB	A0683	c.92_93insC	c_hgvs		NC_000023.11(XM_047441855.1):c.-1645_-1644insC	NC_000023.11(NM_000397.4):c.92_93insC	N/A	N/A	False
CYBB	A0684	c.94delG	c_hgvs		NC_000023.11(XM_047441855.1):c.-1643del	NC_000023.11(NM_000397.4):c.94del	N/A	N/A	False
CYBB	A0685	c.105delT	c_hgvs		NC_000023.11(XM_047441855.1):c.-1632del	NC_000023.11(NM_000397.4):c.105del	N/A	N/A	False
CYBB	A0686	c.112A>T	c_hgvs		NC_000023.11(XM_047441855.1):c.-1625A>T	NC_000023.11(NM_000397.4):c.112A>T	N/A	N/A	False
CYBB	A0687	c.121delT	c_hgvs		NC_000023.11(XM_047441855.1):c.-1616del	NC_000023.11(NM_000397.4):c.121del	N/A	N/A	False
CYBB	A0688	c.125C>G	c_hgvs		NC_000023.11(XM_047441855.1):c.-1612C>G	NC_000023.11(NM_000397.4):c.125C>G	N/A	N/A	False
CYBB	A0689	c.126_130delinsTTTC	c_hgvs		NC_000023.11(XM_047441855.1):c.-1611_-1607delinsTTTC	NC_000023.11(NM_000397.4):c.126_130delinsTTTC	N/A	N/A	False
CYBB	A0690	c.127A>T	c_hgvs		NC_000023.11(XM_047441855.1):c.-1610A>T	NC_000023.11(NM_000397.4):c.127A>T	N/A	N/A	False
CYBB	A0691	c.127A>T	c_hgvs		NC_000023.11(XM_047441855.1):c.-1610A>T	NC_000023.11(NM_000397.4):c.127A>T	N/A	N/A	False
CYBB	A0692	c.134T>G	c_hgvs		NC_000023.11(XM_047441855.1):c.-1603T>G	NC_000023.11(NM_000397.4):c.134T>G	N/A	N/A	False
CYBB	A0693	c.141+1G>A	c_hgvs		NC_000023.11(XM_047441855.1):c.-1595G>A	NC_000023.11(NM_000397.4):c.141+1G>A	N/A	N/A	False
CYBB	A0694	c.141+1G>A	c_hgvs		NC_000023.11(XM_047441855.1):c.-1595G>A	NC_000023.11(NM_000397.4):c.141+1G>A	N/A	N/A	False
CYBB	A0695	c.141+1G>T	c_hgvs		NC_000023.11(XM_047441855.1):c.-1595G>T	NC_000023.11(NM_000397.4):c.141+1G>T	N/A	N/A	False
CYBB	A0696	c.141+1G>T	c_hgvs		NC_000023.11(XM_047441855.1):c.-1595G>T	NC_000023.11(NM_000397.4):c.141+1G>T	N/A	N/A	False
CYBB	A0697	c.141+1G>T	c_hgvs		NC_000023.11(XM_047441855.1):c.-1595G>T	NC_000023.11(NM_000397.4):c.141+1G>T	N/A	N/A	False
CYBB	A0698	c.141+2T>C	c_hgvs		NC_000023.11(XM_047441855.1):c.-1594T>C	NC_000023.11(NM_000397.4):c.141+2T>C	N/A	N/A	False
CYBB	A0699	c.141+2T>C	c_hgvs		NC_000023.11(XM_047441855.1):c.-1594T>C	NC_000023.11(NM_000397.4):c.141+2T>C	N/A	N/A	False
CYBB	A0700	c.141+5G>A	c_hgvs		NC_000023.11(XM_047441855.1):c.-1591G>A	NC_000023.11(NM_000397.4):c.141+5G>A	N/A	N/A	False
CYBB	A0701	c.141+5G>A	c_hgvs		NC_000023.11(XM_047441855.1):c.-1591G>A	NC_000023.11(NM_000397.4):c.141+5G>A	N/A	N/A	False
CYBB	A0702	c.141+5G>T	c_hgvs		NC_000023.11(XM_047441855.1):c.-1591G>T	NC_000023.11(NM_000397.4):c.141+5G>T	N/A	N/A	False
CYBB	A0704	c.142-12C>T	c_hgvs		NC_000023.11(XM_047441855.1):c.-301C>T	NC_000023.11(NM_000397.4):c.142-12C>T	N/A	N/A	False
CYBB	A0705	c.142-12delinsACCTCTTCTAG	c_hgvs		NC_000023.11(XM_047441855.1):c.-301delinsACCTCTTCTAG	NC_000023.11(NM_000397.4):c.142-12delinsACCTCTTCTAG	N/A	N/A	False
CYBB	A0706	c.142-2A>T	c_hgvs		NC_000023.11(XM_047441855.1):c.-291A>T	NC_000023.11(NM_000397.4):c.142-2A>T	N/A	N/A	False
CYBB	A0707	c.142-1G>C	c_hgvs		NC_000023.11(XM_047441855.1):c.-290G>C	NC_000023.11(NM_000397.4):c.142-1G>C	N/A	N/A	False
CYBB	A0708	c.142-1G>C	c_hgvs		NC_000023.11(XM_047441855.1):c.-290G>C	NC_000023.11(NM_000397.4):c.142-1G>C	N/A	N/A	False
CYBB	A0709	c.142_159delinsTTAATTT	c_hgvs		NC_000023.11(XM_047441855.1):c.-288_-272delinsTAATTT	NC_000023.11(NM_000397.4):c.143_159delinsTAATTT	N/A	N/A	False
CYBB	A0710	c.142_159delinsTTAATTT	c_hgvs		NC_000023.11(XM_047441855.1):c.-288_-272delinsTAATTT	NC_000023.11(NM_000397.4):c.143_159delinsTAATTT	N/A	N/A	False
CYBB	A0711	c.142_159delinsTTAATTT	c_hgvs		NC_000023.11(XM_047441855.1):c.-288_-272delinsTAATTT	NC_000023.11(NM_000397.4):c.143_159delinsTAATTT	N/A	N/A	False
CYBB	A0712	c.143C>G	c_hgvs		NC_000023.11(XM_047441855.1):c.-288C>G	NC_000023.11(NM_000397.4):c.143C>G	N/A	N/A	False
CYBB	A0713	c.143C>G	c_hgvs		NC_000023.11(XM_047441855.1):c.-288C>G	NC_000023.11(NM_000397.4):c.143C>G	N/A	N/A	False
CYBB	A0714	c.160_165delAGGGCC	c_hgvs		NC_000023.11(XM_047441855.1):c.-271_-266del	NC_000023.11(NM_000397.4):c.160_165del	N/A	N/A	False
CYBB	A0715	c.161G>T	c_hgvs		NC_000023.11(XM_047441855.1):c.-270G>T	NC_000023.11(NM_000397.4):c.161G>T	N/A	N/A	False
CYBB	A0716	c.164C>A	c_hgvs		NC_000023.11(XM_047441855.1):c.-267C>A	NC_000023.11(NM_000397.4):c.164C>A	N/A	N/A	False
CYBB	A0717	c.164C>A	c_hgvs		NC_000023.11(XM_047441855.1):c.-267C>A	NC_000023.11(NM_000397.4):c.164C>A	N/A	N/A	False
CYBB	A0718	c.170C>A	c_hgvs		NC_000023.11(XM_047441855.1):c.-261C>A	NC_000023.11(NM_000397.4):c.170C>A	N/A	N/A	False
CYBB	A0719	c.175T>C	c_hgvs		NC_000023.11(XM_047441855.1):c.-256T>C	NC_000023.11(NM_000397.4):c.175T>C	N/A	N/A	False
CYBB	A0720	c.177C>A	c_hgvs		NC_000023.11(XM_047441855.1):c.-254C>A	NC_000023.11(NM_000397.4):c.177C>A	N/A	N/A	False
CYBB	A0721	c.189C>G	c_hgvs		NC_000023.11(XM_047441855.1):c.-242C>G	NC_000023.11(NM_000397.4):c.189C>G	N/A	N/A	False
CYBB	A0722	c.190T>C	c_hgvs		NC_000023.11(XM_047441855.1):c.-241T>C	NC_000023.11(NM_000397.4):c.190T>C	N/A	N/A	False
CYBB	A0723	c.194T>G	c_hgvs		NC_000023.11(XM_047441855.1):c.-237T>G	NC_000023.11(NM_000397.4):c.194T>G	N/A	N/A	False
CYBB	A0724	c.194T>G	c_hgvs		NC_000023.11(XM_047441855.1):c.-237T>G	NC_000023.11(NM_000397.4):c.194T>G	N/A	N/A	False
CYBB	A0725	c.197T>C	c_hgvs		NC_000023.11(XM_047441855.1):c.-234T>C	NC_000023.11(NM_000397.4):c.197T>C	N/A	N/A	False
CYBB	A0726	c.210dupA	c_hgvs		NC_000023.11(XM_047441855.1):c.-221dup	NC_000023.11(NM_000397.4):c.210dup	N/A	N/A	False
CYBB	A0727	c.217C>T	c_hgvs		NC_000023.11(XM_047441855.1):c.-214C>T	NC_000023.11(NM_000397.4):c.217C>T	N/A	N/A	False
CYBB	A0728	c.217C>T	c_hgvs		NC_000023.11(XM_047441855.1):c.-214C>T	NC_000023.11(NM_000397.4):c.217C>T	N/A	N/A	False
CYBB	A0729	c.217C>T	c_hgvs		NC_000023.11(XM_047441855.1):c.-214C>T	NC_000023.11(NM_000397.4):c.217C>T	N/A	N/A	False
CYBB	A0730	c.217C>T	c_hgvs		NC_000023.11(XM_047441855.1):c.-214C>T	NC_000023.11(NM_000397.4):c.217C>T	N/A	N/A	False
CYBB	A0731	c.217C>T	c_hgvs		NC_000023.11(XM_047441855.1):c.-214C>T	NC_000023.11(NM_000397.4):c.217C>T	N/A	N/A	False
CYBB	A0732	c.217C>T	c_hgvs		NC_000023.11(XM_047441855.1):c.-214C>T	NC_000023.11(NM_000397.4):c.217C>T	N/A	N/A	False
CYBB	A0733	c.217C>T	c_hgvs		NC_000023.11(XM_047441855.1):c.-214C>T	NC_000023.11(NM_000397.4):c.217C>T	N/A	N/A	False
CYBB	A0734	c.217C>T	c_hgvs		NC_000023.11(XM_047441855.1):c.-214C>T	NC_000023.11(NM_000397.4):c.217C>T	N/A	N/A	False
CYBB	A0735	c.217C>T	c_hgvs		NC_000023.11(XM_047441855.1):c.-214C>T	NC_000023.11(NM_000397.4):c.217C>T	N/A	N/A	False
CYBB	A0736	c.217C>T	c_hgvs		NC_000023.11(XM_047441855.1):c.-214C>T	NC_000023.11(NM_000397.4):c.217C>T	N/A	N/A	False
CYBB	A0737	c.217C>T	c_hgvs		NC_000023.11(XM_047441855.1):c.-214C>T	NC_000023.11(NM_000397.4):c.217C>T	N/A	N/A	False
CYBB	A0738	c.217C>T	c_hgvs		NC_000023.11(XM_047441855.1):c.-214C>T	NC_000023.11(NM_000397.4):c.217C>T	N/A	N/A	False
CYBB	A0739	c.217C>T	c_hgvs		NC_000023.11(XM_047441855.1):c.-214C>T	NC_000023.11(NM_000397.4):c.217C>T	N/A	N/A	False
CYBB	A0740	c.217C>T	c_hgvs		NC_000023.11(XM_047441855.1):c.-214C>T	NC_000023.11(NM_000397.4):c.217C>T	N/A	N/A	False
CYBB	A0741	c.217C>T	c_hgvs		NC_000023.11(XM_047441855.1):c.-214C>T	NC_000023.11(NM_000397.4):c.217C>T	N/A	N/A	False
CYBB	A0742	c.217C>T	c_hgvs		NC_000023.11(XM_047441855.1):c.-214C>T	NC_000023.11(NM_000397.4):c.217C>T	N/A	N/A	False
CYBB	A0743	c.226delC	c_hgvs		NC_000023.11(XM_047441855.1):c.-205del	NC_000023.11(NM_000397.4):c.226del	N/A	N/A	False
CYBB	A0744	c.226delC	c_hgvs		NC_000023.11(XM_047441855.1):c.-205del	NC_000023.11(NM_000397.4):c.226del	N/A	N/A	False
CYBB	A0745	c.242delG	c_hgvs		NC_000023.11(XM_047441855.1):c.-189del	NC_000023.11(NM_000397.4):c.242del	N/A	N/A	False
CYBB	A0746	c.242dupG	c_hgvs		NC_000023.11(XM_047441855.1):c.-189dup	NC_000023.11(NM_000397.4):c.242dup	N/A	N/A	False
CYBB	A0747	c.252G>A	c_hgvs		NC_000023.11(XM_047441855.1):c.-179G>A	NC_000023.11(NM_000397.4):c.252G>A	N/A	N/A	False
CYBB	A0748	c.252G>A	c_hgvs		NC_000023.11(XM_047441855.1):c.-179G>A	NC_000023.11(NM_000397.4):c.252G>A	N/A	N/A	False
CYBB	A0749	c.252G>A	c_hgvs		NC_000023.11(XM_047441855.1):c.-179G>A	NC_000023.11(NM_000397.4):c.252G>A	N/A	N/A	False
CYBB	A0750	c.252G>A	c_hgvs		NC_000023.11(XM_047441855.1):c.-179G>A	NC_000023.11(NM_000397.4):c.252G>A	N/A	N/A	False
CYBB	A0751	c.252G>A	c_hgvs		NC_000023.11(XM_047441855.1):c.-179G>A	NC_000023.11(NM_000397.4):c.252G>A	N/A	N/A	False
CYBB	A0752	c.252G>A	c_hgvs		NC_000023.11(XM_047441855.1):c.-179G>A	NC_000023.11(NM_000397.4):c.252G>A	N/A	N/A	False
CYBB	A0753	c.252G>A	c_hgvs		NC_000023.11(XM_047441855.1):c.-179G>A	NC_000023.11(NM_000397.4):c.252G>A	N/A	N/A	False
CYBB	A0754	c.252G>A	c_hgvs		NC_000023.11(XM_047441855.1):c.-179G>A	NC_000023.11(NM_000397.4):c.252G>A	N/A	N/A	False
CYBB	A0755	c.252G>A	c_hgvs		NC_000023.11(XM_047441855.1):c.-179G>A	NC_000023.11(NM_000397.4):c.252G>A	N/A	N/A	False
CYBB	A0756	c.252G>A	c_hgvs		NC_000023.11(XM_047441855.1):c.-179G>A	NC_000023.11(NM_000397.4):c.252G>A	N/A	N/A	False
CYBB	A0757	c.252G>A	c_hgvs		NC_000023.11(XM_047441855.1):c.-179G>A	NC_000023.11(NM_000397.4):c.252G>A	N/A	N/A	False
CYBB	A0758	c.252G>A	c_hgvs		NC_000023.11(XM_047441855.1):c.-179G>A	NC_000023.11(NM_000397.4):c.252G>A	N/A	N/A	False
CYBB	A0759	c.252G>A	c_hgvs		NC_000023.11(XM_047441855.1):c.-179G>A	NC_000023.11(NM_000397.4):c.252G>A	N/A	N/A	False
CYBB	A0760	c.252G>A	c_hgvs		NC_000023.11(XM_047441855.1):c.-179G>A	NC_000023.11(NM_000397.4):c.252G>A	N/A	N/A	False
CYBB	A0761	c.252G>A	c_hgvs		NC_000023.11(XM_047441855.1):c.-179G>A	NC_000023.11(NM_000397.4):c.252G>A	N/A	N/A	False
CYBB	A0762	c.252G>A	c_hgvs		NC_000023.11(XM_047441855.1):c.-179G>A	NC_000023.11(NM_000397.4):c.252G>A	N/A	N/A	False
CYBB	A0763	c.252G>A	c_hgvs		NC_000023.11(XM_047441855.1):c.-179G>A	NC_000023.11(NM_000397.4):c.252G>A	N/A	N/A	False
CYBB	A0764	c.252G>A	c_hgvs		NC_000023.11(XM_047441855.1):c.-179G>A	NC_000023.11(NM_000397.4):c.252G>A	N/A	N/A	False
CYBB	A0765	c.252G>A	c_hgvs		NC_000023.11(XM_047441855.1):c.-179G>A	NC_000023.11(NM_000397.4):c.252G>A	N/A	N/A	False
CYBB	A0766	c.252G>A	c_hgvs		NC_000023.11(XM_047441855.1):c.-179G>A	NC_000023.11(NM_000397.4):c.252G>A	N/A	N/A	False
CYBB	A0767	c.252G>A	c_hgvs		NC_000023.11(XM_047441855.1):c.-179G>A	NC_000023.11(NM_000397.4):c.252G>A	N/A	N/A	False
CYBB	A0768	c.252G>A	c_hgvs		NC_000023.11(XM_047441855.1):c.-179G>A	NC_000023.11(NM_000397.4):c.252G>A	N/A	N/A	False
CYBB	A0769	c.252G>A	c_hgvs		NC_000023.11(XM_047441855.1):c.-179G>A	NC_000023.11(NM_000397.4):c.252G>A	N/A	N/A	False
CYBB	A0770	c.252G>A	c_hgvs		NC_000023.11(XM_047441855.1):c.-179G>A	NC_000023.11(NM_000397.4):c.252G>A	N/A	N/A	False
CYBB	A0771	c.252G>A	c_hgvs		NC_000023.11(XM_047441855.1):c.-179G>A	NC_000023.11(NM_000397.4):c.252G>A	N/A	N/A	False
CYBB	A0772	c.252G>A	c_hgvs		NC_000023.11(XM_047441855.1):c.-179G>A	NC_000023.11(NM_000397.4):c.252G>A	N/A	N/A	False
CYBB	A0773	c.252G>A	c_hgvs		NC_000023.11(XM_047441855.1):c.-179G>A	NC_000023.11(NM_000397.4):c.252G>A	N/A	N/A	False
CYBB	A0774	c.252G>A	c_hgvs		NC_000023.11(XM_047441855.1):c.-179G>A	NC_000023.11(NM_000397.4):c.252G>A	N/A	N/A	False
CYBB	A0775	c.252G>A	c_hgvs		NC_000023.11(XM_047441855.1):c.-179G>A	NC_000023.11(NM_000397.4):c.252G>A	N/A	N/A	False
CYBB	A0776	c.252G>A	c_hgvs		NC_000023.11(XM_047441855.1):c.-179G>A	NC_000023.11(NM_000397.4):c.252G>A	N/A	N/A	False
CYBB	A0777	c.252G>A	c_hgvs		NC_000023.11(XM_047441855.1):c.-179G>A	NC_000023.11(NM_000397.4):c.252G>A	N/A	N/A	False
CYBB	A0778	c.252G>T	c_hgvs		NC_000023.11(XM_047441855.1):c.-179G>T	NC_000023.11(NM_000397.4):c.252G>T	N/A	N/A	False
CYBB	A0779	c.252G>T	c_hgvs		NC_000023.11(XM_047441855.1):c.-179G>T	NC_000023.11(NM_000397.4):c.252G>T	N/A	N/A	False
CYBB	A0780	c.252+1G>A	c_hgvs		NC_000023.11(XM_047441855.1):c.-179+1G>A	NC_000023.11(NM_000397.4):c.252+1G>A	N/A	N/A	False
CYBB	A0781	c.252+1G>A	c_hgvs		NC_000023.11(XM_047441855.1):c.-179+1G>A	NC_000023.11(NM_000397.4):c.252+1G>A	N/A	N/A	False
CYBB	A0782	c.252+1G>C	c_hgvs		NC_000023.11(XM_047441855.1):c.-179+1G>C	NC_000023.11(NM_000397.4):c.252+1G>C	N/A	N/A	False
CYBB	A0783	c.252+2T>C	c_hgvs		NC_000023.11(XM_047441855.1):c.-179+2T>C	NC_000023.11(NM_000397.4):c.252+2T>C	N/A	N/A	False
CYBB	A0784	c.252+2dupT	c_hgvs		NC_000023.11(XM_047441855.1):c.-179+2dup	NC_000023.11(NM_000397.4):c.252+2dup	N/A	N/A	False
CYBB	A0785	c.252+2dupT	c_hgvs		NC_000023.11(XM_047441855.1):c.-179+2dup	NC_000023.11(NM_000397.4):c.252+2dup	N/A	N/A	False
CYBB	A0786	c.252+5G>A	c_hgvs		NC_000023.11(XM_047441855.1):c.-179+5G>A	NC_000023.11(NM_000397.4):c.252+5G>A	N/A	N/A	False
CYBB	A0787	c.252+5G>A	c_hgvs		NC_000023.11(XM_047441855.1):c.-179+5G>A	NC_000023.11(NM_000397.4):c.252+5G>A	N/A	N/A	False
CYBB	A0788	c.252+5G>A	c_hgvs		NC_000023.11(XM_047441855.1):c.-179+5G>A	NC_000023.11(NM_000397.4):c.252+5G>A	N/A	N/A	False
CYBB	A0789	c.252+5G>A	c_hgvs		NC_000023.11(XM_047441855.1):c.-179+5G>A	NC_000023.11(NM_000397.4):c.252+5G>A	N/A	N/A	False
CYBB	A0790	c.252+5G>A	c_hgvs		NC_000023.11(XM_047441855.1):c.-179+5G>A	NC_000023.11(NM_000397.4):c.252+5G>A	N/A	N/A	False
CYBB	A0791	c.252+5G>A	c_hgvs		NC_000023.11(XM_047441855.1):c.-179+5G>A	NC_000023.11(NM_000397.4):c.252+5G>A	N/A	N/A	False
CYBB	A0792	c.253-8A>G	c_hgvs		NC_000023.11(XM_047441855.1):c.-54-8A>G	NC_000023.11(NM_000397.4):c.253-8A>G	N/A	N/A	False
CYBB	A0793	c.253-3A>G	c_hgvs		NC_000023.11(XM_047441855.1):c.-54-3A>G	NC_000023.11(NM_000397.4):c.253-3A>G	N/A	N/A	False
CYBB	A0794	c.253-3A>G	c_hgvs		NC_000023.11(XM_047441855.1):c.-54-3A>G	NC_000023.11(NM_000397.4):c.253-3A>G	N/A	N/A	False
CYBB	A0795	c.253-1G>A	c_hgvs		NC_000023.11(XM_047441855.1):c.-54-1G>A	NC_000023.11(NM_000397.4):c.253-1G>A	N/A	N/A	False
CYBB	A0796	c.253-1G>T	c_hgvs		NC_000023.11(XM_047441855.1):c.-54-1G>T	NC_000023.11(NM_000397.4):c.253-1G>T	N/A	N/A	False
CYBB	A0798	c.275delG	c_hgvs		NC_000023.11(XM_047441855.1):c.-32del	NC_000023.11(NM_000397.4):c.275del	N/A	N/A	False
CYBB	A0799	c.271C>T	c_hgvs		NC_000023.11(XM_047441855.1):c.-36C>T	NC_000023.11(NM_000397.4):c.271C>T	N/A	N/A	False
CYBB	A0800	c.271C>T	c_hgvs		NC_000023.11(XM_047441855.1):c.-36C>T	NC_000023.11(NM_000397.4):c.271C>T	N/A	N/A	False
CYBB	A0801	c.271C>T	c_hgvs		NC_000023.11(XM_047441855.1):c.-36C>T	NC_000023.11(NM_000397.4):c.271C>T	N/A	N/A	False
CYBB	A0802	c.271C>T	c_hgvs		NC_000023.11(XM_047441855.1):c.-36C>T	NC_000023.11(NM_000397.4):c.271C>T	N/A	N/A	False
CYBB	A0803	c.271C>T	c_hgvs		NC_000023.11(XM_047441855.1):c.-36C>T	NC_000023.11(NM_000397.4):c.271C>T	N/A	N/A	False
CYBB	A0804	c.271C>T	c_hgvs		NC_000023.11(XM_047441855.1):c.-36C>T	NC_000023.11(NM_000397.4):c.271C>T	N/A	N/A	False
CYBB	A0805	c.271C>T	c_hgvs		NC_000023.11(XM_047441855.1):c.-36C>T	NC_000023.11(NM_000397.4):c.271C>T	N/A	N/A	False
CYBB	A0806	c.271C>T	c_hgvs		NC_000023.11(XM_047441855.1):c.-36C>T	NC_000023.11(NM_000397.4):c.271C>T	N/A	N/A	False
CYBB	A0807	c.271C>T	c_hgvs		NC_000023.11(XM_047441855.1):c.-36C>T	NC_000023.11(NM_000397.4):c.271C>T	N/A	N/A	False
CYBB	A0808	c.271C>T	c_hgvs		NC_000023.11(XM_047441855.1):c.-36C>T	NC_000023.11(NM_000397.4):c.271C>T	N/A	N/A	False
CYBB	A0809	c.271C>T	c_hgvs		NC_000023.11(XM_047441855.1):c.-36C>T	NC_000023.11(NM_000397.4):c.271C>T	N/A	N/A	False
CYBB	A0810	c.271C>T	c_hgvs		NC_000023.11(XM_047441855.1):c.-36C>T	NC_000023.11(NM_000397.4):c.271C>T	N/A	N/A	False
CYBB	A0811	c.271C>T	c_hgvs		NC_000023.11(XM_047441855.1):c.-36C>T	NC_000023.11(NM_000397.4):c.271C>T	N/A	N/A	False
CYBB	A0812	c.286_290delAGGAA	c_hgvs		NC_000023.11(XM_047441855.1):c.-21_-17del	NC_000023.11(NM_000397.4):c.286_290del	N/A	N/A	False
CYBB	A0813	c.296_306delinsTCC	c_hgvs		NC_000023.11(XM_047441855.1):c.-11_-1delinsTCC	NC_000023.11(NM_000397.4):c.296_306delinsTCC	N/A	N/A	False
CYBB	A0814	c.296_306delinsTCC	c_hgvs		NC_000023.11(XM_047441855.1):c.-11_-1delinsTCC	NC_000023.11(NM_000397.4):c.296_306delinsTCC	N/A	N/A	False
CYBB	A0815	c.296_306delinsTCC	c_hgvs		NC_000023.11(XM_047441855.1):c.-11_-1delinsTCC	NC_000023.11(NM_000397.4):c.296_306delinsTCC	N/A	N/A	False
CYBB	A0816	c.320T>G	c_hgvs		NC_000023.11(XM_047441855.1):c.14T>G	NC_000023.11(NM_000397.4):c.320T>G	N/A	N/A	False
CYBB	A0817	c.326_327delCA	c_hgvs		NC_000023.11(XM_047441855.1):c.21_22del	NC_000023.11(NM_000397.4):c.327_328del	N/A	N/A	False
CYBB	A0818	c.330_331delTC	c_hgvs		NC_000023.11(XM_047441855.1):c.24_25del	NC_000023.11(NM_000397.4):c.330_331del	N/A	N/A	False
CYBB	A0819	c.330_331delinsAT	c_hgvs		NC_000023.11(XM_047441855.1):c.24_25delinsAT	NC_000023.11(NM_000397.4):c.330_331delinsAT	N/A	N/A	False
CYBB	A0820	c.334T>C	c_hgvs		NC_000023.11(XM_047441855.1):c.28T>C	NC_000023.11(NM_000397.4):c.334T>C	N/A	N/A	False
CYBB	A0821	c.337+1G>A	c_hgvs		NC_000023.11(XM_047441855.1):c.31+1G>A	NC_000023.11(NM_000397.4):c.337+1G>A	N/A	N/A	False
CYBB	A0822	c.337+1G>A	c_hgvs		NC_000023.11(XM_047441855.1):c.31+1G>A	NC_000023.11(NM_000397.4):c.337+1G>A	N/A	N/A	False
CYBB	A0823	c.337+1G>T	c_hgvs		NC_000023.11(XM_047441855.1):c.31+1G>T	NC_000023.11(NM_000397.4):c.337+1G>T	N/A	N/A	False
CYBB	A0824	c.337+2dupT	c_hgvs		NC_000023.11(XM_047441855.1):c.31+2dup	NC_000023.11(NM_000397.4):c.337+2dup	N/A	N/A	False
CYBB	A0825	c.337+5dupG	c_hgvs		NC_000023.11(XM_047441855.1):c.31+5dup	NC_000023.11(NM_000397.4):c.337+5dup	N/A	N/A	False
CYBB	A0826	c.338-2A>G	c_hgvs		NC_000023.11(XM_047441855.1):c.32-2A>G	NC_000023.11(NM_000397.4):c.338-2A>G	N/A	N/A	False
CYBB	A0827	c.339delG	c_hgvs		NC_000023.11(XM_047441855.1):c.33del	NC_000023.11(NM_000397.4):c.339del	N/A	N/A	False
CYBB	A0828	c.360_375delATTTAATGTGGAATGG	c_hgvs		NC_000023.11(XM_047441855.1):c.54_69del	NC_000023.11(NM_000397.4):c.360_375del	N/A	N/A	False
CYBB	A0829	c.370G>T	c_hgvs		NC_000023.11(XM_047441855.1):c.64G>T	NC_000023.11(NM_000397.4):c.370G>T	N/A	N/A	False
CYBB	A0830	c.374G>A	c_hgvs		NC_000023.11(XM_047441855.1):c.68G>A	NC_000023.11(NM_000397.4):c.374G>A	N/A	N/A	False
CYBB	A0831	c.382_385dup	c_hgvs		NC_000023.11(XM_047441855.1):c.76_79dup	NC_000023.11(NM_000397.4):c.382_385dup	N/A	N/A	False
CYBB	A0832	c.388delC	c_hgvs		NC_000023.11(XM_047441855.1):c.82del	NC_000023.11(NM_000397.4):c.388del	N/A	N/A	False
CYBB	A0833	c.388delC	c_hgvs		NC_000023.11(XM_047441855.1):c.82del	NC_000023.11(NM_000397.4):c.388del	N/A	N/A	False
CYBB	A0834	c.388C>T	c_hgvs		NC_000023.11(XM_047441855.1):c.82C>T	NC_000023.11(NM_000397.4):c.388C>T	N/A	N/A	False
CYBB	A0835	c.388C>T	c_hgvs		NC_000023.11(XM_047441855.1):c.82C>T	NC_000023.11(NM_000397.4):c.388C>T	N/A	N/A	False
CYBB	A0836	c.388C>T	c_hgvs		NC_000023.11(XM_047441855.1):c.82C>T	NC_000023.11(NM_000397.4):c.388C>T	N/A	N/A	False
CYBB	A0837	c.388C>T	c_hgvs		NC_000023.11(XM_047441855.1):c.82C>T	NC_000023.11(NM_000397.4):c.388C>T	N/A	N/A	False
CYBB	A0838	c.388C>T	c_hgvs		NC_000023.11(XM_047441855.1):c.82C>T	NC_000023.11(NM_000397.4):c.388C>T	N/A	N/A	False
CYBB	A0839	c.388C>T	c_hgvs		NC_000023.11(XM_047441855.1):c.82C>T	NC_000023.11(NM_000397.4):c.388C>T	N/A	N/A	False
CYBB	A0840	c.388C>T	c_hgvs		NC_000023.11(XM_047441855.1):c.82C>T	NC_000023.11(NM_000397.4):c.388C>T	N/A	N/A	False
CYBB	A0841	c.388C>T	c_hgvs		NC_000023.11(XM_047441855.1):c.82C>T	NC_000023.11(NM_000397.4):c.388C>T	N/A	N/A	False
CYBB	A0842	c.388C>T	c_hgvs		NC_000023.11(XM_047441855.1):c.82C>T	NC_000023.11(NM_000397.4):c.388C>T	N/A	N/A	False
CYBB	A0843	c.388C>T	c_hgvs		NC_000023.11(XM_047441855.1):c.82C>T	NC_000023.11(NM_000397.4):c.388C>T	N/A	N/A	False
CYBB	A0844	c.388C>T	c_hgvs		NC_000023.11(XM_047441855.1):c.82C>T	NC_000023.11(NM_000397.4):c.388C>T	N/A	N/A	False
CYBB	A0845	c.388C>T	c_hgvs		NC_000023.11(XM_047441855.1):c.82C>T	NC_000023.11(NM_000397.4):c.388C>T	N/A	N/A	False
CYBB	A0846	c.388C>T	c_hgvs		NC_000023.11(XM_047441855.1):c.82C>T	NC_000023.11(NM_000397.4):c.388C>T	N/A	N/A	False
CYBB	A0847	c.388C>T	c_hgvs		NC_000023.11(XM_047441855.1):c.82C>T	NC_000023.11(NM_000397.4):c.388C>T	N/A	N/A	False
CYBB	A0848	c.388C>T	c_hgvs		NC_000023.11(XM_047441855.1):c.82C>T	NC_000023.11(NM_000397.4):c.388C>T	N/A	N/A	False
CYBB	A0849	c.388C>T	c_hgvs		NC_000023.11(XM_047441855.1):c.82C>T	NC_000023.11(NM_000397.4):c.388C>T	N/A	N/A	False
CYBB	A0850	c.388C>T	c_hgvs		NC_000023.11(XM_047441855.1):c.82C>T	NC_000023.11(NM_000397.4):c.388C>T	N/A	N/A	False
CYBB	A0851	c.388C>T	c_hgvs		NC_000023.11(XM_047441855.1):c.82C>T	NC_000023.11(NM_000397.4):c.388C>T	N/A	N/A	False
CYBB	A0852	c.388C>T	c_hgvs		NC_000023.11(XM_047441855.1):c.82C>T	NC_000023.11(NM_000397.4):c.388C>T	N/A	N/A	False
CYBB	A0853	c.388C>T	c_hgvs		NC_000023.11(XM_047441855.1):c.82C>T	NC_000023.11(NM_000397.4):c.388C>T	N/A	N/A	False
CYBB	A0854	c.388C>T	c_hgvs		NC_000023.11(XM_047441855.1):c.82C>T	NC_000023.11(NM_000397.4):c.388C>T	N/A	N/A	False
CYBB	A0855	c.388C>T	c_hgvs		NC_000023.11(XM_047441855.1):c.82C>T	NC_000023.11(NM_000397.4):c.388C>T	N/A	N/A	False
CYBB	A0856	c.388C>T	c_hgvs		NC_000023.11(XM_047441855.1):c.82C>T	NC_000023.11(NM_000397.4):c.388C>T	N/A	N/A	False
CYBB	A0857	c.388C>T	c_hgvs		NC_000023.11(XM_047441855.1):c.82C>T	NC_000023.11(NM_000397.4):c.388C>T	N/A	N/A	False
CYBB	A0858	c.388C>T	c_hgvs		NC_000023.11(XM_047441855.1):c.82C>T	NC_000023.11(NM_000397.4):c.388C>T	N/A	N/A	False
CYBB	A0859	c.388C>T	c_hgvs		NC_000023.11(XM_047441855.1):c.82C>T	NC_000023.11(NM_000397.4):c.388C>T	N/A	N/A	False
CYBB	A0860	c.388C>T	c_hgvs		NC_000023.11(XM_047441855.1):c.82C>T	NC_000023.11(NM_000397.4):c.388C>T	N/A	N/A	False
CYBB	A0861	c.389G>C	c_hgvs		NC_000023.11(XM_047441855.1):c.83G>C	NC_000023.11(NM_000397.4):c.389G>C	N/A	N/A	False
CYBB	A0862	c.389G>T	c_hgvs		NC_000023.11(XM_047441855.1):c.83G>T	NC_000023.11(NM_000397.4):c.389G>T	N/A	N/A	False
CYBB	A0863	c.394_406delAATAATTCTGATC	c_hgvs		NC_000023.11(XM_047441855.1):c.88_100del	NC_000023.11(NM_000397.4):c.394_406del	N/A	N/A	False
CYBB	A0864	c.411T>A	c_hgvs		NC_000023.11(XM_047441855.1):c.105T>A	NC_000023.11(NM_000397.4):c.411T>A	N/A	N/A	False
CYBB	A0865	c.412_418delTCAGTAG	c_hgvs		NC_000023.11(XM_047441855.1):c.106_112del	NC_000023.11(NM_000397.4):c.412_418del	N/A	N/A	False
CYBB	A0866	c.413C>A	c_hgvs		NC_000023.11(XM_047441855.1):c.107C>A	NC_000023.11(NM_000397.4):c.413C>A	N/A	N/A	False
CYBB	A0867	c.413C>A	c_hgvs		NC_000023.11(XM_047441855.1):c.107C>A	NC_000023.11(NM_000397.4):c.413C>A	N/A	N/A	False
CYBB	A0868	c.422T>C	c_hgvs		NC_000023.11(XM_047441855.1):c.116T>C	NC_000023.11(NM_000397.4):c.422T>C	N/A	N/A	False
CYBB	A0869	c.448G>T	c_hgvs		NC_000023.11(XM_047441855.1):c.142G>T	NC_000023.11(NM_000397.4):c.448G>T	N/A	N/A	False
CYBB	A0870	c.450_451delAA	c_hgvs		NC_000023.11(XM_047441855.1):c.144_145del	NC_000023.11(NM_000397.4):c.450_451del	N/A	N/A	False
CYBB	A0871	c.458T>G	c_hgvs		NC_000023.11(XM_047441855.1):c.152T>G	NC_000023.11(NM_000397.4):c.458T>G	N/A	N/A	False
CYBB	A0872	c.458T>G	c_hgvs		NC_000023.11(XM_047441855.1):c.152T>G	NC_000023.11(NM_000397.4):c.458T>G	N/A	N/A	False
CYBB	A0873	c.461delA	c_hgvs		NC_000023.11(XM_047441855.1):c.155del	NC_000023.11(NM_000397.4):c.461del	N/A	N/A	False
CYBB	A0874	c.469C>T	c_hgvs		NC_000023.11(XM_047441855.1):c.163C>T	NC_000023.11(NM_000397.4):c.469C>T	N/A	N/A	False
CYBB	A0875	c.469C>T	c_hgvs		NC_000023.11(XM_047441855.1):c.163C>T	NC_000023.11(NM_000397.4):c.469C>T	N/A	N/A	False
CYBB	A0876	c.469C>T	c_hgvs		NC_000023.11(XM_047441855.1):c.163C>T	NC_000023.11(NM_000397.4):c.469C>T	N/A	N/A	False
CYBB	A0877	c.469C>T	c_hgvs		NC_000023.11(XM_047441855.1):c.163C>T	NC_000023.11(NM_000397.4):c.469C>T	N/A	N/A	False
CYBB	A0878	c.469C>T	c_hgvs		NC_000023.11(XM_047441855.1):c.163C>T	NC_000023.11(NM_000397.4):c.469C>T	N/A	N/A	False
CYBB	A0879	c.469C>T	c_hgvs		NC_000023.11(XM_047441855.1):c.163C>T	NC_000023.11(NM_000397.4):c.469C>T	N/A	N/A	False
CYBB	A0880	c.469C>T	c_hgvs		NC_000023.11(XM_047441855.1):c.163C>T	NC_000023.11(NM_000397.4):c.469C>T	N/A	N/A	False
CYBB	A0881	c.469C>T	c_hgvs		NC_000023.11(XM_047441855.1):c.163C>T	NC_000023.11(NM_000397.4):c.469C>T	N/A	N/A	False
CYBB	A0882	c.469C>T	c_hgvs		NC_000023.11(XM_047441855.1):c.163C>T	NC_000023.11(NM_000397.4):c.469C>T	N/A	N/A	False
CYBB	A0883	c.469C>T	c_hgvs		NC_000023.11(XM_047441855.1):c.163C>T	NC_000023.11(NM_000397.4):c.469C>T	N/A	N/A	False
CYBB	A0884	c.469C>T	c_hgvs		NC_000023.11(XM_047441855.1):c.163C>T	NC_000023.11(NM_000397.4):c.469C>T	N/A	N/A	False
CYBB	A0885	c.469C>T	c_hgvs		NC_000023.11(XM_047441855.1):c.163C>T	NC_000023.11(NM_000397.4):c.469C>T	N/A	N/A	False
CYBB	A0886	c.469C>T	c_hgvs		NC_000023.11(XM_047441855.1):c.163C>T	NC_000023.11(NM_000397.4):c.469C>T	N/A	N/A	False
CYBB	A0887	c.469C>T	c_hgvs		NC_000023.11(XM_047441855.1):c.163C>T	NC_000023.11(NM_000397.4):c.469C>T	N/A	N/A	False
CYBB	A0888	c.475_481delAGAATAA	c_hgvs		NC_000023.11(XM_047441855.1):c.171_177del	NC_000023.11(NM_000397.4):c.477_483del	N/A	N/A	False
CYBB	A0889	c.483+1G>A	c_hgvs		NC_000023.11(XM_047441855.1):c.177+1G>A	NC_000023.11(NM_000397.4):c.483+1G>A	N/A	N/A	False
CYBB	A0890	c.483+1G>A	c_hgvs		NC_000023.11(XM_047441855.1):c.177+1G>A	NC_000023.11(NM_000397.4):c.483+1G>A	N/A	N/A	False
CYBB	A0891	c.483+1G>T	c_hgvs		NC_000023.11(XM_047441855.1):c.177+1G>T	NC_000023.11(NM_000397.4):c.483+1G>T	N/A	N/A	False
CYBB	A0892	c.483+1G>T	c_hgvs		NC_000023.11(XM_047441855.1):c.177+1G>T	NC_000023.11(NM_000397.4):c.483+1G>T	N/A	N/A	False
CYBB	A0893	c.483+5G>A	c_hgvs		NC_000023.11(XM_047441855.1):c.177+5G>A	NC_000023.11(NM_000397.4):c.483+5G>A	N/A	N/A	False
CYBB	A0894	c.483+978G>T	c_hgvs		NC_000023.11(XM_047441855.1):c.177+978G>T	NC_000023.11(NM_000397.4):c.483+978G>T	N/A	N/A	False
CYBB	A0895	c.484-3C>A	c_hgvs		NC_000023.11(XM_047441855.1):c.178-3C>A	NC_000023.11(NM_000397.4):c.484-3C>A	N/A	N/A	False
CYBB	A0896	c.484-3C>A	c_hgvs		NC_000023.11(XM_047441855.1):c.178-3C>A	NC_000023.11(NM_000397.4):c.484-3C>A	N/A	N/A	False
CYBB	A0897	c.484-2A>T	c_hgvs		NC_000023.11(XM_047441855.1):c.178-2A>T	NC_000023.11(NM_000397.4):c.484-2A>T	N/A	N/A	False
CYBB	A0901	c.535G>T	c_hgvs		NC_000023.11(XM_047441855.1):c.229G>T	NC_000023.11(NM_000397.4):c.535G>T	N/A	N/A	False
CYBB	A0902	c.535G>T	c_hgvs		NC_000023.11(XM_047441855.1):c.229G>T	NC_000023.11(NM_000397.4):c.535G>T	N/A	N/A	False
CYBB	A0903	c.536G>A	c_hgvs		NC_000023.11(XM_047441855.1):c.230G>A	NC_000023.11(NM_000397.4):c.536G>A	N/A	N/A	False
CYBB	A0904	c.548_559delCGCTGTGCCTCA	c_hgvs		NC_000023.11(XM_047441855.1):c.242_253del	NC_000023.11(NM_000397.4):c.548_559del	N/A	N/A	False
CYBB	A0905	c.553T>C	c_hgvs		NC_000023.11(XM_047441855.1):c.247T>C	NC_000023.11(NM_000397.4):c.553T>C	N/A	N/A	False
CYBB	A0906	c.555C>A	c_hgvs		NC_000023.11(XM_047441855.1):c.249C>A	NC_000023.11(NM_000397.4):c.555C>A	N/A	N/A	False
CYBB	A0907	c.559_567delATATTAATT	c_hgvs		NC_000023.11(XM_047441855.1):c.255_263del	NC_000023.11(NM_000397.4):c.561_569del	N/A	N/A	False
CYBB	A0908	c.565_568delATTA	c_hgvs		NC_000023.11(XM_047441855.1):c.259_262del	NC_000023.11(NM_000397.4):c.565_568del	N/A	N/A	False
CYBB	A0909	c.565_568delATTA	c_hgvs		NC_000023.11(XM_047441855.1):c.259_262del	NC_000023.11(NM_000397.4):c.565_568del	N/A	N/A	False
CYBB	A0910	c.573_581dup	c_hgvs		NC_000023.11(XM_047441855.1):c.267_275dup	NC_000023.11(NM_000397.4):c.573_581dup	N/A	N/A	False
CYBB	A0911	c.577T>C	c_hgvs		NC_000023.11(XM_047441855.1):c.271T>C	NC_000023.11(NM_000397.4):c.577T>C	N/A	N/A	False
CYBB	A0912	c.577T>C	c_hgvs		NC_000023.11(XM_047441855.1):c.271T>C	NC_000023.11(NM_000397.4):c.577T>C	N/A	N/A	False
CYBB	A0913	c.578C>T	c_hgvs		NC_000023.11(XM_047441855.1):c.272C>T	NC_000023.11(NM_000397.4):c.578C>T	N/A	N/A	False
CYBB	A0914	c.582_583insAAAACA	c_hgvs		NC_000023.11(XM_047441855.1):c.281_282insAAAAAC	NC_000023.11(NM_000397.4):c.587_588insAAAAAC	N/A	N/A	False
CYBB	A0915	c.592delC	c_hgvs		NC_000023.11(XM_047441855.1):c.286del	NC_000023.11(NM_000397.4):c.592del	N/A	N/A	False
CYBB	A0916	c.596_597insGTCTTACT	c_hgvs		NC_000023.11(XM_047441855.1):c.291_298dup	NC_000023.11(NM_000397.4):c.597_604dup	N/A	N/A	False
CYBB	A0917	c.603C>G	c_hgvs		NC_000023.11(XM_047441855.1):c.297C>G	NC_000023.11(NM_000397.4):c.603C>G	N/A	N/A	False
CYBB	A0918	c.606_608delinsGG	c_hgvs		NC_000023.11(XM_047441855.1):c.[300del;302A>G]	NC_000023.11(NM_000397.4):c.[606del;608A>G]	N/A	N/A	False
CYBB	A0919	c.607G>T	c_hgvs		NC_000023.11(XM_047441855.1):c.301G>T	NC_000023.11(NM_000397.4):c.607G>T	N/A	N/A	False
CYBB	A0920	c.614_632delTTTGGTACACACATCATCT	c_hgvs		NC_000023.11(XM_047441855.1):c.308_326del	NC_000023.11(NM_000397.4):c.614_632del	N/A	N/A	False
CYBB	A0921	c.618G>A	c_hgvs		NC_000023.11(XM_047441855.1):c.312G>A	NC_000023.11(NM_000397.4):c.618G>A	N/A	N/A	False
CYBB	A0922	c.625C>T	c_hgvs		NC_000023.11(XM_047441855.1):c.319C>T	NC_000023.11(NM_000397.4):c.625C>T	N/A	N/A	False
CYBB	A0923	c.626A>G	c_hgvs		NC_000023.11(XM_047441855.1):c.320A>G	NC_000023.11(NM_000397.4):c.626A>G	N/A	N/A	False
CYBB	A0924	c.627T>A	c_hgvs		NC_000023.11(XM_047441855.1):c.321T>A	NC_000023.11(NM_000397.4):c.627T>A	N/A	N/A	False
CYBB	A0925	c.632T>C	c_hgvs		NC_000023.11(XM_047441855.1):c.326T>C	NC_000023.11(NM_000397.4):c.632T>C	N/A	N/A	False
CYBB	A0926	c.632T>G	c_hgvs		NC_000023.11(XM_047441855.1):c.326T>G	NC_000023.11(NM_000397.4):c.632T>G	N/A	N/A	False
CYBB	A0927	c.636delT	c_hgvs		NC_000023.11(XM_047441855.1):c.330del	NC_000023.11(NM_000397.4):c.636del	N/A	N/A	False
CYBB	A0928	c.636delT	c_hgvs		NC_000023.11(XM_047441855.1):c.330del	NC_000023.11(NM_000397.4):c.636del	N/A	N/A	False
CYBB	A0929	c.665A>G	c_hgvs		NC_000023.11(XM_047441855.1):c.359A>G	NC_000023.11(NM_000397.4):c.665A>G	N/A	N/A	False
CYBB	A0930	c.665A>G	c_hgvs		NC_000023.11(XM_047441855.1):c.359A>G	NC_000023.11(NM_000397.4):c.665A>G	N/A	N/A	False
CYBB	A0931	c.665A>T	c_hgvs		NC_000023.11(XM_047441855.1):c.359A>T	NC_000023.11(NM_000397.4):c.665A>T	N/A	N/A	False
CYBB	A0932	c.667G>T	c_hgvs		NC_000023.11(XM_047441855.1):c.361G>T	NC_000023.11(NM_000397.4):c.667G>T	N/A	N/A	False
CYBB	A0933	c.674A>T	c_hgvs		NC_000023.11(XM_047441855.1):c.368A>T	NC_000023.11(NM_000397.4):c.674A>T	N/A	N/A	False
CYBB	A0934	c.674A>T	c_hgvs		NC_000023.11(XM_047441855.1):c.368A>T	NC_000023.11(NM_000397.4):c.674A>T	N/A	N/A	False
CYBB	A0935	c.674+1G>T	c_hgvs		NC_000023.11(XM_047441855.1):c.368+1G>T	NC_000023.11(NM_000397.4):c.674+1G>T	N/A	N/A	False
CYBB	A0936	c.674+1G>A	c_hgvs		NC_000023.11(XM_047441855.1):c.368+1G>A	NC_000023.11(NM_000397.4):c.674+1G>A	N/A	N/A	False
CYBB	A0937	c.674+1G>A	c_hgvs		NC_000023.11(XM_047441855.1):c.368+1G>A	NC_000023.11(NM_000397.4):c.674+1G>A	N/A	N/A	False
CYBB	A0938	c.674+3G>C	c_hgvs		NC_000023.11(XM_047441855.1):c.368+3G>C	NC_000023.11(NM_000397.4):c.674+3G>C	N/A	N/A	False
CYBB	A0939	c.674+4A>G	c_hgvs		NC_000023.11(XM_047441855.1):c.368+4A>G	NC_000023.11(NM_000397.4):c.674+4A>G	N/A	N/A	False
CYBB	A0940	c.674+4A>G	c_hgvs		NC_000023.11(XM_047441855.1):c.368+4A>G	NC_000023.11(NM_000397.4):c.674+4A>G	N/A	N/A	False
CYBB	A0941	c.674+4A>T	c_hgvs		NC_000023.11(XM_047441855.1):c.368+4A>T	NC_000023.11(NM_000397.4):c.674+4A>T	N/A	N/A	False
CYBB	A0942	c.674+4A>T	c_hgvs		NC_000023.11(XM_047441855.1):c.368+4A>T	NC_000023.11(NM_000397.4):c.674+4A>T	N/A	N/A	False
CYBB	A0943	c.674+4A>C	c_hgvs		NC_000023.11(XM_047441855.1):c.368+4A>C	NC_000023.11(NM_000397.4):c.674+4A>C	N/A	N/A	False
CYBB	A0944	c.674+4A>C	c_hgvs		NC_000023.11(XM_047441855.1):c.368+4A>C	NC_000023.11(NM_000397.4):c.674+4A>C	N/A	N/A	False
CYBB	A0945	c.674+4_674+7delAGTG	c_hgvs		NC_000023.11(XM_047441855.1):c.368+4_368+7del	NC_000023.11(NM_000397.4):c.674+4_674+7del	N/A	N/A	False
CYBB	A0946	c.674+4_674+7delAGTG	c_hgvs		NC_000023.11(XM_047441855.1):c.368+4_368+7del	NC_000023.11(NM_000397.4):c.674+4_674+7del	N/A	N/A	False
CYBB	A0947	c.674+4_674+7delAGTG	c_hgvs		NC_000023.11(XM_047441855.1):c.368+4_368+7del	NC_000023.11(NM_000397.4):c.674+4_674+7del	N/A	N/A	False
CYBB	A0948	c.674+5G>C	c_hgvs		NC_000023.11(XM_047441855.1):c.368+5G>C	NC_000023.11(NM_000397.4):c.674+5G>C	N/A	N/A	False
CYBB	A0949	c.674+5G>C	c_hgvs		NC_000023.11(XM_047441855.1):c.368+5G>C	NC_000023.11(NM_000397.4):c.674+5G>C	N/A	N/A	False
CYBB	A0950	c.674+5G>C	c_hgvs		NC_000023.11(XM_047441855.1):c.368+5G>C	NC_000023.11(NM_000397.4):c.674+5G>C	N/A	N/A	False
CYBB	A0951	c.674+5G>C	c_hgvs		NC_000023.11(XM_047441855.1):c.368+5G>C	NC_000023.11(NM_000397.4):c.674+5G>C	N/A	N/A	False
CYBB	A0952	c.674+6T>C	c_hgvs		NC_000023.11(XM_047441855.1):c.368+6T>C	NC_000023.11(NM_000397.4):c.674+6T>C	N/A	N/A	False
CYBB	A0954	c.675-2A>C	c_hgvs		NC_000023.11(XM_047441855.1):c.369-2A>C	NC_000023.11(NM_000397.4):c.675-2A>C	N/A	N/A	False
CYBB	A0955	c.675-1G>A	c_hgvs		NC_000023.11(XM_047441855.1):c.369-1G>A	NC_000023.11(NM_000397.4):c.675-1G>A	N/A	N/A	False
CYBB	A0957	c.676C>T	c_hgvs		NC_000023.11(XM_047441855.1):c.370C>T	NC_000023.11(NM_000397.4):c.676C>T	N/A	N/A	False
CYBB	A0958	c.676C>T	c_hgvs		NC_000023.11(XM_047441855.1):c.370C>T	NC_000023.11(NM_000397.4):c.676C>T	N/A	N/A	False
CYBB	A0959	c.676C>T	c_hgvs		NC_000023.11(XM_047441855.1):c.370C>T	NC_000023.11(NM_000397.4):c.676C>T	N/A	N/A	False
CYBB	A0960	c.676C>T	c_hgvs		NC_000023.11(XM_047441855.1):c.370C>T	NC_000023.11(NM_000397.4):c.676C>T	N/A	N/A	False
CYBB	A0961	c.676C>T	c_hgvs		NC_000023.11(XM_047441855.1):c.370C>T	NC_000023.11(NM_000397.4):c.676C>T	N/A	N/A	False
CYBB	A0962	c.676C>T	c_hgvs		NC_000023.11(XM_047441855.1):c.370C>T	NC_000023.11(NM_000397.4):c.676C>T	N/A	N/A	False
CYBB	A0963	c.676C>T	c_hgvs		NC_000023.11(XM_047441855.1):c.370C>T	NC_000023.11(NM_000397.4):c.676C>T	N/A	N/A	False
CYBB	A0964	c.676C>T	c_hgvs		NC_000023.11(XM_047441855.1):c.370C>T	NC_000023.11(NM_000397.4):c.676C>T	N/A	N/A	False
CYBB	A0965	c.676C>T	c_hgvs		NC_000023.11(XM_047441855.1):c.370C>T	NC_000023.11(NM_000397.4):c.676C>T	N/A	N/A	False
CYBB	A0966	c.676C>T	c_hgvs		NC_000023.11(XM_047441855.1):c.370C>T	NC_000023.11(NM_000397.4):c.676C>T	N/A	N/A	False
CYBB	A0967	c.676C>T	c_hgvs		NC_000023.11(XM_047441855.1):c.370C>T	NC_000023.11(NM_000397.4):c.676C>T	N/A	N/A	False
CYBB	A0968	c.676C>T	c_hgvs		NC_000023.11(XM_047441855.1):c.370C>T	NC_000023.11(NM_000397.4):c.676C>T	N/A	N/A	False
CYBB	A0969	c.676C>T	c_hgvs		NC_000023.11(XM_047441855.1):c.370C>T	NC_000023.11(NM_000397.4):c.676C>T	N/A	N/A	False
CYBB	A0970	c.676C>T	c_hgvs		NC_000023.11(XM_047441855.1):c.370C>T	NC_000023.11(NM_000397.4):c.676C>T	N/A	N/A	False
CYBB	A0971	c.676C>T	c_hgvs		NC_000023.11(XM_047441855.1):c.370C>T	NC_000023.11(NM_000397.4):c.676C>T	N/A	N/A	False
CYBB	A0972	c.676C>T	c_hgvs		NC_000023.11(XM_047441855.1):c.370C>T	NC_000023.11(NM_000397.4):c.676C>T	N/A	N/A	False
CYBB	A0973	c.676C>T	c_hgvs		NC_000023.11(XM_047441855.1):c.370C>T	NC_000023.11(NM_000397.4):c.676C>T	N/A	N/A	False
CYBB	A0974	c.676C>T	c_hgvs		NC_000023.11(XM_047441855.1):c.370C>T	NC_000023.11(NM_000397.4):c.676C>T	N/A	N/A	False
CYBB	A0975	c.676C>T	c_hgvs		NC_000023.11(XM_047441855.1):c.370C>T	NC_000023.11(NM_000397.4):c.676C>T	N/A	N/A	False
CYBB	A0976	c.676C>T	c_hgvs		NC_000023.11(XM_047441855.1):c.370C>T	NC_000023.11(NM_000397.4):c.676C>T	N/A	N/A	False
CYBB	A0977	c.676C>T	c_hgvs		NC_000023.11(XM_047441855.1):c.370C>T	NC_000023.11(NM_000397.4):c.676C>T	N/A	N/A	False
CYBB	A0978	c.676C>T	c_hgvs		NC_000023.11(XM_047441855.1):c.370C>T	NC_000023.11(NM_000397.4):c.676C>T	N/A	N/A	False
CYBB	A0979	c.676C>T	c_hgvs		NC_000023.11(XM_047441855.1):c.370C>T	NC_000023.11(NM_000397.4):c.676C>T	N/A	N/A	False
CYBB	A0980	c.676C>T	c_hgvs		NC_000023.11(XM_047441855.1):c.370C>T	NC_000023.11(NM_000397.4):c.676C>T	N/A	N/A	False
CYBB	A0981	c.676C>T	c_hgvs		NC_000023.11(XM_047441855.1):c.370C>T	NC_000023.11(NM_000397.4):c.676C>T	N/A	N/A	False
CYBB	A0982	c.676C>T	c_hgvs		NC_000023.11(XM_047441855.1):c.370C>T	NC_000023.11(NM_000397.4):c.676C>T	N/A	N/A	False
CYBB	A0983	c.676C>T	c_hgvs		NC_000023.11(XM_047441855.1):c.370C>T	NC_000023.11(NM_000397.4):c.676C>T	N/A	N/A	False
CYBB	A0984	c.676C>T	c_hgvs		NC_000023.11(XM_047441855.1):c.370C>T	NC_000023.11(NM_000397.4):c.676C>T	N/A	N/A	False
CYBB	A0985	c.676C>T	c_hgvs		NC_000023.11(XM_047441855.1):c.370C>T	NC_000023.11(NM_000397.4):c.676C>T	N/A	N/A	False
CYBB	A0986	c.676C>T	c_hgvs		NC_000023.11(XM_047441855.1):c.370C>T	NC_000023.11(NM_000397.4):c.676C>T	N/A	N/A	False
CYBB	A0987	c.676C>T	c_hgvs		NC_000023.11(XM_047441855.1):c.370C>T	NC_000023.11(NM_000397.4):c.676C>T	N/A	N/A	False
CYBB	A0988	c.676C>T	c_hgvs		NC_000023.11(XM_047441855.1):c.370C>T	NC_000023.11(NM_000397.4):c.676C>T	N/A	N/A	False
CYBB	A0989	c.676C>T	c_hgvs		NC_000023.11(XM_047441855.1):c.370C>T	NC_000023.11(NM_000397.4):c.676C>T	N/A	N/A	False
CYBB	A0990	c.676C>T	c_hgvs		NC_000023.11(XM_047441855.1):c.370C>T	NC_000023.11(NM_000397.4):c.676C>T	N/A	N/A	False
CYBB	A0991	c.676C>T	c_hgvs		NC_000023.11(XM_047441855.1):c.370C>T	NC_000023.11(NM_000397.4):c.676C>T	N/A	N/A	False
CYBB	A0992	c.676C>T	c_hgvs		NC_000023.11(XM_047441855.1):c.370C>T	NC_000023.11(NM_000397.4):c.676C>T	N/A	N/A	False
CYBB	A0993	c.676C>T	c_hgvs		NC_000023.11(XM_047441855.1):c.370C>T	NC_000023.11(NM_000397.4):c.676C>T	N/A	N/A	False
CYBB	A0994	c.676C>T	c_hgvs		NC_000023.11(XM_047441855.1):c.370C>T	NC_000023.11(NM_000397.4):c.676C>T	N/A	N/A	False
CYBB	A0995	c.676C>T	c_hgvs		NC_000023.11(XM_047441855.1):c.370C>T	NC_000023.11(NM_000397.4):c.676C>T	N/A	N/A	False
CYBB	A0996	c.676C>T	c_hgvs		NC_000023.11(XM_047441855.1):c.370C>T	NC_000023.11(NM_000397.4):c.676C>T	N/A	N/A	False
CYBB	A0997	c.676C>T	c_hgvs		NC_000023.11(XM_047441855.1):c.370C>T	NC_000023.11(NM_000397.4):c.676C>T	N/A	N/A	False
CYBB	A0998	c.676C>T	c_hgvs		NC_000023.11(XM_047441855.1):c.370C>T	NC_000023.11(NM_000397.4):c.676C>T	N/A	N/A	False
CYBB	A0999	c.676C>T	c_hgvs		NC_000023.11(XM_047441855.1):c.370C>T	NC_000023.11(NM_000397.4):c.676C>T	N/A	N/A	False
CYBB	A1000	c.676C>T	c_hgvs		NC_000023.11(XM_047441855.1):c.370C>T	NC_000023.11(NM_000397.4):c.676C>T	N/A	N/A	False
CYBB	A1001	c.691C>T	c_hgvs		NC_000023.11(XM_047441855.1):c.385C>T	NC_000023.11(NM_000397.4):c.691C>T	N/A	N/A	False
CYBB	A1002	c.691C>T	c_hgvs		NC_000023.11(XM_047441855.1):c.385C>T	NC_000023.11(NM_000397.4):c.691C>T	N/A	N/A	False
CYBB	A1003	c.703_704delAG	c_hgvs		NC_000023.11(XM_047441855.1):c.397_398del	NC_000023.11(NM_000397.4):c.703_704del	N/A	N/A	False
CYBB	A1004	c.703_704delAG	c_hgvs		NC_000023.11(XM_047441855.1):c.397_398del	NC_000023.11(NM_000397.4):c.703_704del	N/A	N/A	False
CYBB	A1005	c.730T>A	c_hgvs		NC_000023.11(XM_047441855.1):c.424T>A	NC_000023.11(NM_000397.4):c.730T>A	N/A	N/A	False
CYBB	A1006	c.730T>C	c_hgvs		NC_000023.11(XM_047441855.1):c.424T>C	NC_000023.11(NM_000397.4):c.730T>C	N/A	N/A	False
CYBB	A1007	c.731G>A	c_hgvs		NC_000023.11(XM_047441855.1):c.425G>A	NC_000023.11(NM_000397.4):c.731G>A	N/A	N/A	False
CYBB	A1008	c.731G>A	c_hgvs		NC_000023.11(XM_047441855.1):c.425G>A	NC_000023.11(NM_000397.4):c.731G>A	N/A	N/A	False
CYBB	A1009	c.732T>A	c_hgvs		NC_000023.11(XM_047441855.1):c.426T>A	NC_000023.11(NM_000397.4):c.732T>A	N/A	N/A	False
CYBB	A1010	c.733G>T	c_hgvs		NC_000023.11(XM_047441855.1):c.427G>T	NC_000023.11(NM_000397.4):c.733G>T	N/A	N/A	False
CYBB	A1011	c.736C>T	c_hgvs		NC_000023.11(XM_047441855.1):c.430C>T	NC_000023.11(NM_000397.4):c.736C>T	N/A	N/A	False
CYBB	A1012	c.736C>T	c_hgvs		NC_000023.11(XM_047441855.1):c.430C>T	NC_000023.11(NM_000397.4):c.736C>T	N/A	N/A	False
CYBB	A1013	c.736C>T	c_hgvs		NC_000023.11(XM_047441855.1):c.430C>T	NC_000023.11(NM_000397.4):c.736C>T	N/A	N/A	False
CYBB	A1014	c.736C>T	c_hgvs		NC_000023.11(XM_047441855.1):c.430C>T	NC_000023.11(NM_000397.4):c.736C>T	N/A	N/A	False
CYBB	A1015	c.736C>T	c_hgvs		NC_000023.11(XM_047441855.1):c.430C>T	NC_000023.11(NM_000397.4):c.736C>T	N/A	N/A	False
CYBB	A1016	c.736C>T	c_hgvs		NC_000023.11(XM_047441855.1):c.430C>T	NC_000023.11(NM_000397.4):c.736C>T	N/A	N/A	False
CYBB	A1017	c.742dupA	c_hgvs		NC_000023.11(XM_047441855.1):c.436dup	NC_000023.11(NM_000397.4):c.742dup	N/A	N/A	False
CYBB	A1018	c.742dupA	c_hgvs		NC_000023.11(XM_047441855.1):c.436dup	NC_000023.11(NM_000397.4):c.742dup	N/A	N/A	False
CYBB	A1019	c.742dupA	c_hgvs		NC_000023.11(XM_047441855.1):c.436dup	NC_000023.11(NM_000397.4):c.742dup	N/A	N/A	False
CYBB	A1020	c.742dupA	c_hgvs		NC_000023.11(XM_047441855.1):c.436dup	NC_000023.11(NM_000397.4):c.742dup	N/A	N/A	False
CYBB	A1021	c.742dupA	c_hgvs		NC_000023.11(XM_047441855.1):c.436dup	NC_000023.11(NM_000397.4):c.742dup	N/A	N/A	False
CYBB	A1022	c.742dupA	c_hgvs		NC_000023.11(XM_047441855.1):c.436dup	NC_000023.11(NM_000397.4):c.742dup	N/A	N/A	False
CYBB	A1023	c.742dupA	c_hgvs		NC_000023.11(XM_047441855.1):c.436dup	NC_000023.11(NM_000397.4):c.742dup	N/A	N/A	False
CYBB	A1024	c.742dupA	c_hgvs		NC_000023.11(XM_047441855.1):c.436dup	NC_000023.11(NM_000397.4):c.742dup	N/A	N/A	False
CYBB	A1025	c.742dupA	c_hgvs		NC_000023.11(XM_047441855.1):c.436dup	NC_000023.11(NM_000397.4):c.742dup	N/A	N/A	False
CYBB	A1026	c.742dupA	c_hgvs		NC_000023.11(XM_047441855.1):c.436dup	NC_000023.11(NM_000397.4):c.742dup	N/A	N/A	False
CYBB	A1027	c.742dupA	c_hgvs		NC_000023.11(XM_047441855.1):c.436dup	NC_000023.11(NM_000397.4):c.742dup	N/A	N/A	False
CYBB	A1028	c.742dupA	c_hgvs		NC_000023.11(XM_047441855.1):c.436dup	NC_000023.11(NM_000397.4):c.742dup	N/A	N/A	False
CYBB	A1029	c.742dupA	c_hgvs		NC_000023.11(XM_047441855.1):c.436dup	NC_000023.11(NM_000397.4):c.742dup	N/A	N/A	False
CYBB	A1030	c.752G>A	c_hgvs		NC_000023.11(XM_047441855.1):c.446G>A	NC_000023.11(NM_000397.4):c.752G>A	N/A	N/A	False
CYBB	A1031	c.754G>T	c_hgvs		NC_000023.11(XM_047441855.1):c.448G>T	NC_000023.11(NM_000397.4):c.754G>T	N/A	N/A	False
CYBB	A1032	c.755delG	c_hgvs		NC_000023.11(XM_047441855.1):c.449del	NC_000023.11(NM_000397.4):c.755del	N/A	N/A	False
CYBB	A1033	c.755delG	c_hgvs		NC_000023.11(XM_047441855.1):c.449del	NC_000023.11(NM_000397.4):c.755del	N/A	N/A	False
CYBB	A1034	c.755_756delGA	c_hgvs		NC_000023.11(XM_047441855.1):c.449_450del	NC_000023.11(NM_000397.4):c.755_756del	N/A	N/A	False
CYBB	A1035	c.769T>C	c_hgvs		NC_000023.11(XM_047441855.1):c.463T>C	NC_000023.11(NM_000397.4):c.769T>C	N/A	N/A	False
CYBB	A1036	c.769T>C	c_hgvs		NC_000023.11(XM_047441855.1):c.463T>C	NC_000023.11(NM_000397.4):c.769T>C	N/A	N/A	False
CYBB	A1037	c.771delC	c_hgvs		NC_000023.11(XM_047441855.1):c.467del	NC_000023.11(NM_000397.4):c.773del	N/A	N/A	False
CYBB	A1038	c.771C>A	c_hgvs		NC_000023.11(XM_047441855.1):c.465C>A	NC_000023.11(NM_000397.4):c.771C>A	N/A	N/A	False
CYBB	A1039	c.779C>G	c_hgvs		NC_000023.11(XM_047441855.1):c.473C>G	NC_000023.11(NM_000397.4):c.779C>G	N/A	N/A	False
CYBB	A1040	c.781C>T	c_hgvs		NC_000023.11(XM_047441855.1):c.475C>T	NC_000023.11(NM_000397.4):c.781C>T	N/A	N/A	False
CYBB	A1041	c.797delC	c_hgvs		NC_000023.11(XM_047441855.1):c.491del	NC_000023.11(NM_000397.4):c.797del	N/A	N/A	False
CYBB	A1042	c.799_800insAA	c_hgvs		NC_000023.11(XM_047441855.1):c.493_494insAA	NC_000023.11(NM_000397.4):c.799_800insAA	N/A	N/A	False
CYBB	A1043	c.804+1G>A	c_hgvs		NC_000023.11(XM_047441855.1):c.498+1G>A	NC_000023.11(NM_000397.4):c.804+1G>A	N/A	N/A	False
CYBB	A1044	c.804+1G>T	c_hgvs		NC_000023.11(XM_047441855.1):c.498+1G>T	NC_000023.11(NM_000397.4):c.804+1G>T	N/A	N/A	False
CYBB	A1045	c.804+1G>T	c_hgvs		NC_000023.11(XM_047441855.1):c.498+1G>T	NC_000023.11(NM_000397.4):c.804+1G>T	N/A	N/A	False
CYBB	A1046	c.804+2T>C	c_hgvs		NC_000023.11(XM_047441855.1):c.498+2T>C	NC_000023.11(NM_000397.4):c.804+2T>C	N/A	N/A	False
CYBB	A1047	c.804+2T>C	c_hgvs		NC_000023.11(XM_047441855.1):c.498+2T>C	NC_000023.11(NM_000397.4):c.804+2T>C	N/A	N/A	False
CYBB	A1048	c.805-2A>T	c_hgvs		NC_000023.11(XM_047441855.1):c.499-2A>T	NC_000023.11(NM_000397.4):c.805-2A>T	N/A	N/A	False
CYBB	A1049	c.805-1G>A	c_hgvs		NC_000023.11(XM_047441855.1):c.499-1G>A	NC_000023.11(NM_000397.4):c.805-1G>A	N/A	N/A	False
CYBB	A1050	c.805-1G>C	c_hgvs		NC_000023.11(XM_047441855.1):c.499-1G>C	NC_000023.11(NM_000397.4):c.805-1G>C	N/A	N/A	False
CYBB	A1052	c.810G>A	c_hgvs		NC_000023.11(XM_047441855.1):c.504G>A	NC_000023.11(NM_000397.4):c.810G>A	N/A	N/A	False
CYBB	A1053	c.811A>T	c_hgvs		NC_000023.11(XM_047441855.1):c.505A>T	NC_000023.11(NM_000397.4):c.811A>T	N/A	N/A	False
CYBB	A1054	c.831_853delGTTTCTGTATCTCTGTGAGAGGT	c_hgvs		NC_000023.11(XM_047441855.1):c.525_547del	NC_000023.11(NM_000397.4):c.831_853del	N/A	N/A	False
CYBB	A1055	c.840T>A	c_hgvs		NC_000023.11(XM_047441855.1):c.534T>A	NC_000023.11(NM_000397.4):c.840T>A	N/A	N/A	False
CYBB	A1056	c.845dupG	c_hgvs		NC_000023.11(XM_047441855.1):c.539dup	NC_000023.11(NM_000397.4):c.845dup	N/A	N/A	False
CYBB	A1057	c.867G>A	c_hgvs		NC_000023.11(XM_047441855.1):c.561G>A	NC_000023.11(NM_000397.4):c.867G>A	N/A	N/A	False
CYBB	A1058	c.868C>T	c_hgvs		NC_000023.11(XM_047441855.1):c.562C>T	NC_000023.11(NM_000397.4):c.868C>T	N/A	N/A	False
CYBB	A1059	c.868C>T	c_hgvs		NC_000023.11(XM_047441855.1):c.562C>T	NC_000023.11(NM_000397.4):c.868C>T	N/A	N/A	False
CYBB	A1060	c.868C>T	c_hgvs		NC_000023.11(XM_047441855.1):c.562C>T	NC_000023.11(NM_000397.4):c.868C>T	N/A	N/A	False
CYBB	A1061	c.868C>T	c_hgvs		NC_000023.11(XM_047441855.1):c.562C>T	NC_000023.11(NM_000397.4):c.868C>T	N/A	N/A	False
CYBB	A1062	c.868C>T	c_hgvs		NC_000023.11(XM_047441855.1):c.562C>T	NC_000023.11(NM_000397.4):c.868C>T	N/A	N/A	False
CYBB	A1063	c.868C>T	c_hgvs		NC_000023.11(XM_047441855.1):c.562C>T	NC_000023.11(NM_000397.4):c.868C>T	N/A	N/A	False
CYBB	A1064	c.868C>T	c_hgvs		NC_000023.11(XM_047441855.1):c.562C>T	NC_000023.11(NM_000397.4):c.868C>T	N/A	N/A	False
CYBB	A1065	c.868C>T	c_hgvs		NC_000023.11(XM_047441855.1):c.562C>T	NC_000023.11(NM_000397.4):c.868C>T	N/A	N/A	False
CYBB	A1066	c.868C>T	c_hgvs		NC_000023.11(XM_047441855.1):c.562C>T	NC_000023.11(NM_000397.4):c.868C>T	N/A	N/A	False
CYBB	A1067	c.868C>T	c_hgvs		NC_000023.11(XM_047441855.1):c.562C>T	NC_000023.11(NM_000397.4):c.868C>T	N/A	N/A	False
CYBB	A1068	c.868C>T	c_hgvs		NC_000023.11(XM_047441855.1):c.562C>T	NC_000023.11(NM_000397.4):c.868C>T	N/A	N/A	False
CYBB	A1069	c.868C>T	c_hgvs		NC_000023.11(XM_047441855.1):c.562C>T	NC_000023.11(NM_000397.4):c.868C>T	N/A	N/A	False
CYBB	A1070	c.868C>T	c_hgvs		NC_000023.11(XM_047441855.1):c.562C>T	NC_000023.11(NM_000397.4):c.868C>T	N/A	N/A	False
CYBB	A1071	c.868C>T	c_hgvs		NC_000023.11(XM_047441855.1):c.562C>T	NC_000023.11(NM_000397.4):c.868C>T	N/A	N/A	False
CYBB	A1072	c.868C>T	c_hgvs		NC_000023.11(XM_047441855.1):c.562C>T	NC_000023.11(NM_000397.4):c.868C>T	N/A	N/A	False
CYBB	A1073	c.868C>T	c_hgvs		NC_000023.11(XM_047441855.1):c.562C>T	NC_000023.11(NM_000397.4):c.868C>T	N/A	N/A	False
CYBB	A1074	c.868C>T	c_hgvs		NC_000023.11(XM_047441855.1):c.562C>T	NC_000023.11(NM_000397.4):c.868C>T	N/A	N/A	False
CYBB	A1075	c.868C>T	c_hgvs		NC_000023.11(XM_047441855.1):c.562C>T	NC_000023.11(NM_000397.4):c.868C>T	N/A	N/A	False
CYBB	A1076	c.868C>T	c_hgvs		NC_000023.11(XM_047441855.1):c.562C>T	NC_000023.11(NM_000397.4):c.868C>T	N/A	N/A	False
CYBB	A1077	c.868C>T	c_hgvs		NC_000023.11(XM_047441855.1):c.562C>T	NC_000023.11(NM_000397.4):c.868C>T	N/A	N/A	False
CYBB	A1078	c.883_887dup	c_hgvs		NC_000023.11(XM_047441855.1):c.577_581dup	NC_000023.11(NM_000397.4):c.883_887dup	N/A	N/A	False
CYBB	A1079	c.894delC	c_hgvs		NC_000023.11(XM_047441855.1):c.588del	NC_000023.11(NM_000397.4):c.894del	N/A	N/A	False
CYBB	A1080	c.894delC	c_hgvs		NC_000023.11(XM_047441855.1):c.588del	NC_000023.11(NM_000397.4):c.894del	N/A	N/A	False
CYBB	A1081	c.897G>A	c_hgvs		NC_000023.11(XM_047441855.1):c.591G>A	NC_000023.11(NM_000397.4):c.897G>A	N/A	N/A	False
CYBB	A1082	c.897G>A	c_hgvs		NC_000023.11(XM_047441855.1):c.591G>A	NC_000023.11(NM_000397.4):c.897G>A	N/A	N/A	False
CYBB	A1083	c.897+1G>A	c_hgvs		NC_000023.11(XM_047441855.1):c.591+1G>A	NC_000023.11(NM_000397.4):c.897+1G>A	N/A	N/A	False
CYBB	A1084	c.897+1G>T	c_hgvs		NC_000023.11(XM_047441855.1):c.591+1G>T	NC_000023.11(NM_000397.4):c.897+1G>T	N/A	N/A	False
CYBB	A1085	c.898-1G>A	c_hgvs		NC_000023.11(XM_047441855.1):c.592-1G>A	NC_000023.11(NM_000397.4):c.898-1G>A	N/A	N/A	False
CYBB	A1086	c.898-1G>A	c_hgvs		NC_000023.11(XM_047441855.1):c.592-1G>A	NC_000023.11(NM_000397.4):c.898-1G>A	N/A	N/A	False
CYBB	A1087	c.903dupC	c_hgvs		NC_000023.11(XM_047441855.1):c.597dup	NC_000023.11(NM_000397.4):c.903dup	N/A	N/A	False
CYBB	A1088	c.904A>C	c_hgvs		NC_000023.11(XM_047441855.1):c.598A>C	NC_000023.11(NM_000397.4):c.904A>C	N/A	N/A	False
CYBB	A1089	c.906_909delTCAC	c_hgvs		NC_000023.11(XM_047441855.1):c.600_603del	NC_000023.11(NM_000397.4):c.906_909del	N/A	N/A	False
CYBB	A1090	c.907C>T	c_hgvs		NC_000023.11(XM_047441855.1):c.601C>T	NC_000023.11(NM_000397.4):c.907C>T	N/A	N/A	False
CYBB	A1091	c.909C>A	c_hgvs		NC_000023.11(XM_047441855.1):c.603C>A	NC_000023.11(NM_000397.4):c.909C>A	N/A	N/A	False
CYBB	A1092	c.909C>A	c_hgvs		NC_000023.11(XM_047441855.1):c.603C>A	NC_000023.11(NM_000397.4):c.909C>A	N/A	N/A	False
CYBB	A1093	c.909C>A	c_hgvs		NC_000023.11(XM_047441855.1):c.603C>A	NC_000023.11(NM_000397.4):c.909C>A	N/A	N/A	False
CYBB	A1094	c.909C>A	c_hgvs		NC_000023.11(XM_047441855.1):c.603C>A	NC_000023.11(NM_000397.4):c.909C>A	N/A	N/A	False
CYBB	A1095	c.909C>A	c_hgvs		NC_000023.11(XM_047441855.1):c.603C>A	NC_000023.11(NM_000397.4):c.909C>A	N/A	N/A	False
CYBB	A1096	c.909C>A	c_hgvs		NC_000023.11(XM_047441855.1):c.603C>A	NC_000023.11(NM_000397.4):c.909C>A	N/A	N/A	False
CYBB	A1097	c.909C>A	c_hgvs		NC_000023.11(XM_047441855.1):c.603C>A	NC_000023.11(NM_000397.4):c.909C>A	N/A	N/A	False
CYBB	A1098	c.911C>T	c_hgvs		NC_000023.11(XM_047441855.1):c.605C>T	NC_000023.11(NM_000397.4):c.911C>T	N/A	N/A	False
CYBB	A1099	c.911C>T	c_hgvs		NC_000023.11(XM_047441855.1):c.605C>T	NC_000023.11(NM_000397.4):c.911C>T	N/A	N/A	False
CYBB	A1101	c.922_923insGTTTC	c_hgvs		NC_000023.11(XM_047441855.1):c.616_617insGTTTC	NC_000023.11(NM_000397.4):c.922_923insGTTTC	N/A	N/A	False
CYBB	A1102	c.925G>A	c_hgvs		NC_000023.11(XM_047441855.1):c.619G>A	NC_000023.11(NM_000397.4):c.925G>A	N/A	N/A	False
CYBB	A1103	c.925G>A	c_hgvs		NC_000023.11(XM_047441855.1):c.619G>A	NC_000023.11(NM_000397.4):c.925G>A	N/A	N/A	False
CYBB	A1104	c.925G>A	c_hgvs		NC_000023.11(XM_047441855.1):c.619G>A	NC_000023.11(NM_000397.4):c.925G>A	N/A	N/A	False
CYBB	A1105	c.925G>A	c_hgvs		NC_000023.11(XM_047441855.1):c.619G>A	NC_000023.11(NM_000397.4):c.925G>A	N/A	N/A	False
CYBB	A1106	c.925G>A	c_hgvs		NC_000023.11(XM_047441855.1):c.619G>A	NC_000023.11(NM_000397.4):c.925G>A	N/A	N/A	False
CYBB	A1107	c.925G>A	c_hgvs		NC_000023.11(XM_047441855.1):c.619G>A	NC_000023.11(NM_000397.4):c.925G>A	N/A	N/A	False
CYBB	A1108	c.925G>A	c_hgvs		NC_000023.11(XM_047441855.1):c.619G>A	NC_000023.11(NM_000397.4):c.925G>A	N/A	N/A	False
CYBB	A1109	c.925G>T	c_hgvs		NC_000023.11(XM_047441855.1):c.619G>T	NC_000023.11(NM_000397.4):c.925G>T	N/A	N/A	False
CYBB	A1110	c.925G>T	c_hgvs		NC_000023.11(XM_047441855.1):c.619G>T	NC_000023.11(NM_000397.4):c.925G>T	N/A	N/A	False
CYBB	A1111	c.929T>C	c_hgvs		NC_000023.11(XM_047441855.1):c.623T>C	NC_000023.11(NM_000397.4):c.929T>C	N/A	N/A	False
CYBB	A1112	c.931delC	c_hgvs		NC_000023.11(XM_047441855.1):c.625del	NC_000023.11(NM_000397.4):c.931del	N/A	N/A	False
CYBB	A1113	c.935T>G	c_hgvs		NC_000023.11(XM_047441855.1):c.629T>G	NC_000023.11(NM_000397.4):c.935T>G	N/A	N/A	False
CYBB	A1114	c.943_945delAAG	c_hgvs		NC_000023.11(XM_047441855.1):c.637_639del	NC_000023.11(NM_000397.4):c.943_945del	N/A	N/A	False
CYBB	A1115	c.958delG	c_hgvs		NC_000023.11(XM_047441855.1):c.652del	NC_000023.11(NM_000397.4):c.958del	N/A	N/A	False
CYBB	A1117	c.965G>A	c_hgvs		NC_000023.11(XM_047441855.1):c.659G>A	NC_000023.11(NM_000397.4):c.965G>A	N/A	N/A	False
CYBB	A1118	c.972C>A	c_hgvs		NC_000023.11(XM_047441855.1):c.666C>A	NC_000023.11(NM_000397.4):c.972C>A	N/A	N/A	False
CYBB	A1119	c.981_985delCAAGT	c_hgvs		NC_000023.11(XM_047441855.1):c.675_679del	NC_000023.11(NM_000397.4):c.981_985del	N/A	N/A	False
CYBB	A1120	c.985T>C	c_hgvs		NC_000023.11(XM_047441855.1):c.679T>C	NC_000023.11(NM_000397.4):c.985T>C	N/A	N/A	False
CYBB	A1121	c.992_997delinsGGGGG	c_hgvs		NC_000023.11(XM_047441855.1):c.686_691delinsGGGGG	NC_000023.11(NM_000397.4):c.992_997delinsGGGGG	N/A	N/A	False
CYBB	A1122	c.1006G>T	c_hgvs		NC_000023.11(XM_047441855.1):c.700G>T	NC_000023.11(NM_000397.4):c.1006G>T	N/A	N/A	False
CYBB	A1123	c.1006G>T	c_hgvs		NC_000023.11(XM_047441855.1):c.700G>T	NC_000023.11(NM_000397.4):c.1006G>T	N/A	N/A	False
CYBB	A1124	c.1010G>A	c_hgvs		NC_000023.11(XM_047441855.1):c.704G>A	NC_000023.11(NM_000397.4):c.1010G>A	N/A	N/A	False
CYBB	A1125	c.1011G>A	c_hgvs		NC_000023.11(XM_047441855.1):c.705G>A	NC_000023.11(NM_000397.4):c.1011G>A	N/A	N/A	False
CYBB	A1126	c.1011G>A	c_hgvs		NC_000023.11(XM_047441855.1):c.705G>A	NC_000023.11(NM_000397.4):c.1011G>A	N/A	N/A	False
CYBB	A1127	c.1011G>A	c_hgvs		NC_000023.11(XM_047441855.1):c.705G>A	NC_000023.11(NM_000397.4):c.1011G>A	N/A	N/A	False
CYBB	A1128	c.1012C>T	c_hgvs		NC_000023.11(XM_047441855.1):c.706C>T	NC_000023.11(NM_000397.4):c.1012C>T	N/A	N/A	False
CYBB	A1129	c.1012C>T	c_hgvs		NC_000023.11(XM_047441855.1):c.706C>T	NC_000023.11(NM_000397.4):c.1012C>T	N/A	N/A	False
CYBB	A1130	c.1013A>G	c_hgvs		NC_000023.11(XM_047441855.1):c.707A>G	NC_000023.11(NM_000397.4):c.1013A>G	N/A	N/A	False
CYBB	A1131	c.1013A>G	c_hgvs		NC_000023.11(XM_047441855.1):c.707A>G	NC_000023.11(NM_000397.4):c.1013A>G	N/A	N/A	False
CYBB	A1132	c.1013A>G	c_hgvs		NC_000023.11(XM_047441855.1):c.707A>G	NC_000023.11(NM_000397.4):c.1013A>G	N/A	N/A	False
CYBB	A1133	c.1013A>G	c_hgvs		NC_000023.11(XM_047441855.1):c.707A>G	NC_000023.11(NM_000397.4):c.1013A>G	N/A	N/A	False
CYBB	A1134	c.1014C>A	c_hgvs		NC_000023.11(XM_047441855.1):c.708C>A	NC_000023.11(NM_000397.4):c.1014C>A	N/A	N/A	False
CYBB	A1135	c.1014C>A	c_hgvs		NC_000023.11(XM_047441855.1):c.708C>A	NC_000023.11(NM_000397.4):c.1014C>A	N/A	N/A	False
CYBB	A1136	c.1014C>A	c_hgvs		NC_000023.11(XM_047441855.1):c.708C>A	NC_000023.11(NM_000397.4):c.1014C>A	N/A	N/A	False
CYBB	A1137	c.1016C>A	c_hgvs		NC_000023.11(XM_047441855.1):c.710C>A	NC_000023.11(NM_000397.4):c.1016C>A	N/A	N/A	False
CYBB	A1138	c.1016C>A	c_hgvs		NC_000023.11(XM_047441855.1):c.710C>A	NC_000023.11(NM_000397.4):c.1016C>A	N/A	N/A	False
CYBB	A1139	c.1016C>A	c_hgvs		NC_000023.11(XM_047441855.1):c.710C>A	NC_000023.11(NM_000397.4):c.1016C>A	N/A	N/A	False
CYBB	A1140	c.1016C>A	c_hgvs		NC_000023.11(XM_047441855.1):c.710C>A	NC_000023.11(NM_000397.4):c.1016C>A	N/A	N/A	False
CYBB	A1141	c.1016C>A	c_hgvs		NC_000023.11(XM_047441855.1):c.710C>A	NC_000023.11(NM_000397.4):c.1016C>A	N/A	N/A	False
CYBB	A1142	c.1016C>A	c_hgvs		NC_000023.11(XM_047441855.1):c.710C>A	NC_000023.11(NM_000397.4):c.1016C>A	N/A	N/A	False
CYBB	A1143	c.1016C>A	c_hgvs		NC_000023.11(XM_047441855.1):c.710C>A	NC_000023.11(NM_000397.4):c.1016C>A	N/A	N/A	False
CYBB	A1144	c.1016C>A	c_hgvs		NC_000023.11(XM_047441855.1):c.710C>A	NC_000023.11(NM_000397.4):c.1016C>A	N/A	N/A	False
CYBB	A1145	c.1016C>A	c_hgvs		NC_000023.11(XM_047441855.1):c.710C>A	NC_000023.11(NM_000397.4):c.1016C>A	N/A	N/A	False
CYBB	A1146	c.1016C>T	c_hgvs		NC_000023.11(XM_047441855.1):c.710C>T	NC_000023.11(NM_000397.4):c.1016C>T	N/A	N/A	False
CYBB	A1147	c.1016dupC	c_hgvs		NC_000023.11(XM_047441855.1):c.710dup	NC_000023.11(NM_000397.4):c.1016dup	N/A	N/A	False
CYBB	A1148	c.1025T>A	c_hgvs		NC_000023.11(XM_047441855.1):c.719T>A	NC_000023.11(NM_000397.4):c.1025T>A	N/A	N/A	False
CYBB	A1149	c.1027A>C	c_hgvs		NC_000023.11(XM_047441855.1):c.721A>C	NC_000023.11(NM_000397.4):c.1027A>C	N/A	N/A	False
CYBB	A1150	c.1030T>C	c_hgvs		NC_000023.11(XM_047441855.1):c.724T>C	NC_000023.11(NM_000397.4):c.1030T>C	N/A	N/A	False
CYBB	A1151	c.1030T>C	c_hgvs		NC_000023.11(XM_047441855.1):c.724T>C	NC_000023.11(NM_000397.4):c.1030T>C	N/A	N/A	False
CYBB	A1152	c.1030_1031insCT	c_hgvs		NC_000023.11(XM_047441855.1):c.724_725dup	NC_000023.11(NM_000397.4):c.1030_1031dup	N/A	N/A	False
CYBB	A1153	c.1030_1031insCT	c_hgvs		NC_000023.11(XM_047441855.1):c.724_725dup	NC_000023.11(NM_000397.4):c.1030_1031dup	N/A	N/A	False
CYBB	A1154	c.1031C>T	c_hgvs		NC_000023.11(XM_047441855.1):c.725C>T	NC_000023.11(NM_000397.4):c.1031C>T	N/A	N/A	False
CYBB	A1155	c.1031C>T	c_hgvs		NC_000023.11(XM_047441855.1):c.725C>T	NC_000023.11(NM_000397.4):c.1031C>T	N/A	N/A	False
CYBB	A1156	c.1038delT	c_hgvs		NC_000023.11(XM_047441855.1):c.732del	NC_000023.11(NM_000397.4):c.1038del	N/A	N/A	False
CYBB	A1157	c.1038delT	c_hgvs		NC_000023.11(XM_047441855.1):c.732del	NC_000023.11(NM_000397.4):c.1038del	N/A	N/A	False
CYBB	A1158	c.1061A>C	c_hgvs		NC_000023.11(XM_047441855.1):c.755A>C	NC_000023.11(NM_000397.4):c.1061A>C	N/A	N/A	False
CYBB	A1159	c.1061A>C	c_hgvs		NC_000023.11(XM_047441855.1):c.755A>C	NC_000023.11(NM_000397.4):c.1061A>C	N/A	N/A	False
CYBB	A1160	c.1063delA	c_hgvs		NC_000023.11(XM_047441855.1):c.757del	NC_000023.11(NM_000397.4):c.1063del	N/A	N/A	False
CYBB	A1161	c.1063_1070delATCCGCAT	c_hgvs		NC_000023.11(XM_047441855.1):c.757_764del	NC_000023.11(NM_000397.4):c.1063_1070del	N/A	N/A	False
CYBB	A1162	c.1075G>A	c_hgvs		NC_000023.11(XM_047441855.1):c.769G>A	NC_000023.11(NM_000397.4):c.1075G>A	N/A	N/A	False
CYBB	A1163	c.1075G>A	c_hgvs		NC_000023.11(XM_047441855.1):c.769G>A	NC_000023.11(NM_000397.4):c.1075G>A	N/A	N/A	False
CYBB	A1164	c.1081T>C	c_hgvs		NC_000023.11(XM_047441855.1):c.775T>C	NC_000023.11(NM_000397.4):c.1081T>C	N/A	N/A	False
CYBB	A1165	c.1081T>C	c_hgvs		NC_000023.11(XM_047441855.1):c.775T>C	NC_000023.11(NM_000397.4):c.1081T>C	N/A	N/A	False
CYBB	A1166	c.1081T>C	c_hgvs		NC_000023.11(XM_047441855.1):c.775T>C	NC_000023.11(NM_000397.4):c.1081T>C	N/A	N/A	False
CYBB	A1167	c.1082G>A	c_hgvs		NC_000023.11(XM_047441855.1):c.776G>A	NC_000023.11(NM_000397.4):c.1082G>A	N/A	N/A	False
CYBB	A1168	c.1083G>A	c_hgvs		NC_000023.11(XM_047441855.1):c.777G>A	NC_000023.11(NM_000397.4):c.1083G>A	N/A	N/A	False
CYBB	A1169	c.1083G>A	c_hgvs		NC_000023.11(XM_047441855.1):c.777G>A	NC_000023.11(NM_000397.4):c.1083G>A	N/A	N/A	False
CYBB	A1170	c.1085C>T	c_hgvs		NC_000023.11(XM_047441855.1):c.779C>T	NC_000023.11(NM_000397.4):c.1085C>T	N/A	N/A	False
CYBB	A1171	c.1085C>T	c_hgvs		NC_000023.11(XM_047441855.1):c.779C>T	NC_000023.11(NM_000397.4):c.1085C>T	N/A	N/A	False
CYBB	A1172	c.1085C>T	c_hgvs		NC_000023.11(XM_047441855.1):c.779C>T	NC_000023.11(NM_000397.4):c.1085C>T	N/A	N/A	False
CYBB	A1173	c.1085C>G	c_hgvs		NC_000023.11(XM_047441855.1):c.779C>G	NC_000023.11(NM_000397.4):c.1085C>G	N/A	N/A	False
CYBB	A1174	c.1094T>C	c_hgvs		NC_000023.11(XM_047441855.1):c.788T>C	NC_000023.11(NM_000397.4):c.1094T>C	N/A	N/A	False
CYBB	A1175	c.1094dupT	c_hgvs		NC_000023.11(XM_047441855.1):c.788dup	NC_000023.11(NM_000397.4):c.1094dup	N/A	N/A	False
CYBB	A1176	c.1095delG	c_hgvs		NC_000023.11(XM_047441855.1):c.789del	NC_000023.11(NM_000397.4):c.1095del	N/A	N/A	False
CYBB	A1177	c.1120C>T	c_hgvs		NC_000023.11(XM_047441855.1):c.814C>T	NC_000023.11(NM_000397.4):c.1120C>T	N/A	N/A	False
CYBB	A1178	c.1120C>T	c_hgvs		NC_000023.11(XM_047441855.1):c.814C>T	NC_000023.11(NM_000397.4):c.1120C>T	N/A	N/A	False
CYBB	A1179	c.1123G>T	c_hgvs		NC_000023.11(XM_047441855.1):c.817G>T	NC_000023.11(NM_000397.4):c.1123G>T	N/A	N/A	False
CYBB	A1180	c.1123G>T	c_hgvs		NC_000023.11(XM_047441855.1):c.817G>T	NC_000023.11(NM_000397.4):c.1123G>T	N/A	N/A	False
CYBB	A1181	c.1136dupC	c_hgvs		NC_000023.11(XM_047441855.1):c.830dup	NC_000023.11(NM_000397.4):c.1136dup	N/A	N/A	False
CYBB	A1182	c.1139G>A	c_hgvs		NC_000023.11(XM_047441855.1):c.833G>A	NC_000023.11(NM_000397.4):c.1139G>A	N/A	N/A	False
CYBB	A1183	c.1140G>A	c_hgvs		NC_000023.11(XM_047441855.1):c.834G>A	NC_000023.11(NM_000397.4):c.1140G>A	N/A	N/A	False
CYBB	A1184	c.1140G>A	c_hgvs		NC_000023.11(XM_047441855.1):c.834G>A	NC_000023.11(NM_000397.4):c.1140G>A	N/A	N/A	False
CYBB	A1185	c.1140G>A	c_hgvs		NC_000023.11(XM_047441855.1):c.834G>A	NC_000023.11(NM_000397.4):c.1140G>A	N/A	N/A	False
CYBB	A1186	c.1144_1145insAGGT	c_hgvs		NC_000023.11(XM_047441855.1):c.838_839insAGGT	NC_000023.11(NM_000397.4):c.1144_1145insAGGT	N/A	N/A	False
CYBB	A1187	c.1150_1151+2delaagt	c_hgvs		NC_000023.11(XM_047441855.1):c.844_845+2del	NC_000023.11(NM_000397.4):c.1150_1151+2del	N/A	N/A	False
CYBB	A1188	c.1150_1151+2delaagt	c_hgvs		NC_000023.11(XM_047441855.1):c.844_845+2del	NC_000023.11(NM_000397.4):c.1150_1151+2del	N/A	N/A	False
CYBB	A1189	c.1150_1151+2delaagt	c_hgvs		NC_000023.11(XM_047441855.1):c.844_845+2del	NC_000023.11(NM_000397.4):c.1150_1151+2del	N/A	N/A	False
CYBB	A1190	c.1150_1151+2delaagt	c_hgvs		NC_000023.11(XM_047441855.1):c.844_845+2del	NC_000023.11(NM_000397.4):c.1150_1151+2del	N/A	N/A	False
CYBB	A1191	c.1150_1151+2delaagt	c_hgvs		NC_000023.11(XM_047441855.1):c.844_845+2del	NC_000023.11(NM_000397.4):c.1150_1151+2del	N/A	N/A	False
CYBB	A1192	c.1150_1151+2delaagt	c_hgvs		NC_000023.11(XM_047441855.1):c.844_845+2del	NC_000023.11(NM_000397.4):c.1150_1151+2del	N/A	N/A	False
CYBB	A1193	c.1150_1151+2delaagt	c_hgvs		NC_000023.11(XM_047441855.1):c.844_845+2del	NC_000023.11(NM_000397.4):c.1150_1151+2del	N/A	N/A	False
CYBB	A1194	c.1151+4A>T	c_hgvs		NC_000023.11(XM_047441855.1):c.845+4A>T	NC_000023.11(NM_000397.4):c.1151+4A>T	N/A	N/A	False
CYBB	A1195	c.1151+5G>A	c_hgvs		NC_000023.11(XM_047441855.1):c.845+5G>A	NC_000023.11(NM_000397.4):c.1151+5G>A	N/A	N/A	False
CYBB	A1196	c.1152-11T>G	c_hgvs		NC_000023.11(XM_047441855.1):c.846-11T>G	NC_000023.11(NM_000397.4):c.1152-11T>G	N/A	N/A	False
CYBB	A1197	c.1152-11T>G	c_hgvs		NC_000023.11(XM_047441855.1):c.846-11T>G	NC_000023.11(NM_000397.4):c.1152-11T>G	N/A	N/A	False
CYBB	A1198	c.1152-2A>T	c_hgvs		NC_000023.11(XM_047441855.1):c.846-2A>T	NC_000023.11(NM_000397.4):c.1152-2A>T	N/A	N/A	False
CYBB	A1199	c.1152-2A>T	c_hgvs		NC_000023.11(XM_047441855.1):c.846-2A>T	NC_000023.11(NM_000397.4):c.1152-2A>T	N/A	N/A	False
CYBB	A1200	c.1152-1G>A	c_hgvs		NC_000023.11(XM_047441855.1):c.846-1G>A	NC_000023.11(NM_000397.4):c.1152-1G>A	N/A	N/A	False
CYBB	A1201	c.1152-1G>A	c_hgvs		NC_000023.11(XM_047441855.1):c.846-1G>A	NC_000023.11(NM_000397.4):c.1152-1G>A	N/A	N/A	False
CYBB	A1202	c.1154T>G	c_hgvs		NC_000023.11(XM_047441855.1):c.848T>G	NC_000023.11(NM_000397.4):c.1154T>G	N/A	N/A	False
CYBB	A1203	c.1163delA	c_hgvs		NC_000023.11(XM_047441855.1):c.857del	NC_000023.11(NM_000397.4):c.1163del	N/A	N/A	False
CYBB	A1204	c.1165G>A	c_hgvs		NC_000023.11(XM_047441855.1):c.859G>A	NC_000023.11(NM_000397.4):c.1165G>A	N/A	N/A	False
CYBB	A1205	c.1166G>A	c_hgvs		NC_000023.11(XM_047441855.1):c.860G>A	NC_000023.11(NM_000397.4):c.1166G>A	N/A	N/A	False
CYBB	A1206	c.1166G>T	c_hgvs		NC_000023.11(XM_047441855.1):c.860G>T	NC_000023.11(NM_000397.4):c.1166G>T	N/A	N/A	False
CYBB	A1207	c.1166_1170delinsTGTTCAGC	c_hgvs		NC_000023.11(XM_047441855.1):c.860_863delinsTGTTCAG	NC_000023.11(NM_000397.4):c.1166_1169delinsTGTTCAG	N/A	N/A	False
CYBB	A1208	c.1167delG	c_hgvs		NC_000023.11(XM_047441855.1):c.861del	NC_000023.11(NM_000397.4):c.1167del	N/A	N/A	False
CYBB	A1209	c.1169C>T	c_hgvs		NC_000023.11(XM_047441855.1):c.863C>T	NC_000023.11(NM_000397.4):c.1169C>T	N/A	N/A	False
CYBB	A1210	c.1177delA	c_hgvs		NC_000023.11(XM_047441855.1):c.871del	NC_000023.11(NM_000397.4):c.1177del	N/A	N/A	False
CYBB	A1211	c.1186_1195delGAAGATGTGT	c_hgvs		NC_000023.11(XM_047441855.1):c.880_889del	NC_000023.11(NM_000397.4):c.1186_1195del	N/A	N/A	False
CYBB	A1212	c.1222G>A	c_hgvs		NC_000023.11(XM_047441855.1):c.916G>A	NC_000023.11(NM_000397.4):c.1222G>A	N/A	N/A	False
CYBB	A1213	c.1222G>C	c_hgvs		NC_000023.11(XM_047441855.1):c.916G>C	NC_000023.11(NM_000397.4):c.1222G>C	N/A	N/A	False
CYBB	A1214	c.1234G>A	c_hgvs		NC_000023.11(XM_047441855.1):c.928G>A	NC_000023.11(NM_000397.4):c.1234G>A	N/A	N/A	False
CYBB	A1215	c.1234G>C	c_hgvs		NC_000023.11(XM_047441855.1):c.928G>C	NC_000023.11(NM_000397.4):c.1234G>C	N/A	N/A	False
CYBB	A1216	c.1234G>C	c_hgvs		NC_000023.11(XM_047441855.1):c.928G>C	NC_000023.11(NM_000397.4):c.1234G>C	N/A	N/A	False
CYBB	A1217	c.1235G>A	c_hgvs		NC_000023.11(XM_047441855.1):c.929G>A	NC_000023.11(NM_000397.4):c.1235G>A	N/A	N/A	False
CYBB	A1218	c.1233_1234insGGGGTCACACCCTTCGCATCCATT	c_hgvs		NC_000023.11(XM_047441855.1):c.928_951dup	NC_000023.11(NM_000397.4):c.1234_1257dup	N/A	N/A	False
CYBB	A1219	c.1237dupG	c_hgvs		NC_000023.11(XM_047441855.1):c.931dup	NC_000023.11(NM_000397.4):c.1237dup	N/A	N/A	False
CYBB	A1220	c.1244C>T	c_hgvs		NC_000023.11(XM_047441855.1):c.938C>T	NC_000023.11(NM_000397.4):c.1244C>T	N/A	N/A	False
CYBB	A1221	c.1244C>T	c_hgvs		NC_000023.11(XM_047441855.1):c.938C>T	NC_000023.11(NM_000397.4):c.1244C>T	N/A	N/A	False
CYBB	A1222	c.1253C>A	c_hgvs		NC_000023.11(XM_047441855.1):c.947C>A	NC_000023.11(NM_000397.4):c.1253C>A	N/A	N/A	False
CYBB	A1223	c.1265C>A	c_hgvs		NC_000023.11(XM_047441855.1):c.959C>A	NC_000023.11(NM_000397.4):c.1265C>A	N/A	N/A	False
CYBB	A1224	c.1265_1273delCAGTCTGGT	c_hgvs		NC_000023.11(XM_047441855.1):c.959_967del	NC_000023.11(NM_000397.4):c.1265_1273del	N/A	N/A	False
CYBB	A1225	c.1271G>A	c_hgvs		NC_000023.11(XM_047441855.1):c.965G>A	NC_000023.11(NM_000397.4):c.1271G>A	N/A	N/A	False
CYBB	A1226	c.1272G>A	c_hgvs		NC_000023.11(XM_047441855.1):c.966G>A	NC_000023.11(NM_000397.4):c.1272G>A	N/A	N/A	False
CYBB	A1227	c.1272G>A	c_hgvs		NC_000023.11(XM_047441855.1):c.966G>A	NC_000023.11(NM_000397.4):c.1272G>A	N/A	N/A	False
CYBB	A1228	c.1281T>G	c_hgvs		NC_000023.11(XM_047441855.1):c.975T>G	NC_000023.11(NM_000397.4):c.1281T>G	N/A	N/A	False
CYBB	A1229	c.1294delA	c_hgvs		NC_000023.11(XM_047441855.1):c.988del	NC_000023.11(NM_000397.4):c.1294del	N/A	N/A	False
CYBB	A1230	c.1309A>T	c_hgvs		NC_000023.11(XM_047441855.1):c.1003A>T	NC_000023.11(NM_000397.4):c.1309A>T	N/A	N/A	False
CYBB	A1231	c.1313delA	c_hgvs		NC_000023.11(XM_047441855.1):c.1007del	NC_000023.11(NM_000397.4):c.1313del	N/A	N/A	False
CYBB	A1232	c.1314delG	c_hgvs		NC_000023.11(XM_047441855.1):c.1008+1del	NC_000023.11(NM_000397.4):c.1314+1del	N/A	N/A	False
CYBB	A1233	c.1314delG	c_hgvs		NC_000023.11(XM_047441855.1):c.1008+1del	NC_000023.11(NM_000397.4):c.1314+1del	N/A	N/A	False
CYBB	A1234	c.1314+1G>C	c_hgvs		NC_000023.11(XM_047441855.1):c.1008+1G>C	NC_000023.11(NM_000397.4):c.1314+1G>C	N/A	N/A	False
CYBB	A1235	c.1314+2T>G	c_hgvs		NC_000023.11(XM_047441855.1):c.1008+2T>G	NC_000023.11(NM_000397.4):c.1314+2T>G	N/A	N/A	False
CYBB	A1236	c.1314+4_1314+5delinsGC	c_hgvs		NC_000023.11(XM_047441855.1):c.1008+4_1008+5delinsGC	NC_000023.11(NM_000397.4):c.1314+4_1314+5delinsGC	N/A	N/A	False
CYBB	A1237	c.1315-2delinsC	c_hgvs		NC_000023.11(XM_047441855.1):c.1009-2A>C	NC_000023.11(NM_000397.4):c.1315-2A>C	N/A	N/A	False
CYBB	A1238	c.1315-2delinsC	c_hgvs		NC_000023.11(XM_047441855.1):c.1009-2A>C	NC_000023.11(NM_000397.4):c.1315-2A>C	N/A	N/A	False
CYBB	A1239	c.1315-1delinsT	c_hgvs		NC_000023.11(XM_047441855.1):c.1009-1G>T	NC_000023.11(NM_000397.4):c.1315-1G>T	N/A	N/A	False
CYBB	A1240	c.1320C>G	c_hgvs		NC_000023.11(XM_047441855.1):c.1014C>G	NC_000023.11(NM_000397.4):c.1320C>G	N/A	N/A	False
CYBB	A1241	c.1335C>A	c_hgvs		NC_000023.11(XM_047441855.1):c.1029C>A	NC_000023.11(NM_000397.4):c.1335C>A	N/A	N/A	False
CYBB	A1242	c.1335C>A	c_hgvs		NC_000023.11(XM_047441855.1):c.1029C>A	NC_000023.11(NM_000397.4):c.1335C>A	N/A	N/A	False
CYBB	A1243	c.1340delA	c_hgvs		NC_000023.11(XM_047441855.1):c.1034del	NC_000023.11(NM_000397.4):c.1340del	N/A	N/A	False
CYBB	A1244	c.1357T>A	c_hgvs		NC_000023.11(XM_047441855.1):c.1051T>A	NC_000023.11(NM_000397.4):c.1357T>A	N/A	N/A	False
CYBB	A1245	c.1357T>C	c_hgvs		NC_000023.11(XM_047441855.1):c.1051T>C	NC_000023.11(NM_000397.4):c.1357T>C	N/A	N/A	False
CYBB	A1246	c.1357_1358delTG	c_hgvs		NC_000023.11(XM_047441855.1):c.1051_1052del	NC_000023.11(NM_000397.4):c.1357_1358del	N/A	N/A	False
CYBB	A1247	c.1359G>A	c_hgvs		NC_000023.11(XM_047441855.1):c.1053G>A	NC_000023.11(NM_000397.4):c.1359G>A	N/A	N/A	False
CYBB	A1248	c.1359G>A	c_hgvs		NC_000023.11(XM_047441855.1):c.1053G>A	NC_000023.11(NM_000397.4):c.1359G>A	N/A	N/A	False
CYBB	A1249	c.1363_1375delGCAGATCTGCTGC	c_hgvs		NC_000023.11(XM_047441855.1):c.1057_1069del	NC_000023.11(NM_000397.4):c.1363_1375del	N/A	N/A	False
CYBB	A1250	c.1375C>T	c_hgvs		NC_000023.11(XM_047441855.1):c.1069C>T	NC_000023.11(NM_000397.4):c.1375C>T	N/A	N/A	False
CYBB	A1251	c.1382delT	c_hgvs		NC_000023.11(XM_047441855.1):c.1076del	NC_000023.11(NM_000397.4):c.1382del	N/A	N/A	False
CYBB	A1252	c.1384G>T	c_hgvs		NC_000023.11(XM_047441855.1):c.1078G>T	NC_000023.11(NM_000397.4):c.1384G>T	N/A	N/A	False
CYBB	A1253	c.1396C>T	c_hgvs		NC_000023.11(XM_047441855.1):c.1090C>T	NC_000023.11(NM_000397.4):c.1396C>T	N/A	N/A	False
CYBB	A1254	c.1399G>T	c_hgvs		NC_000023.11(XM_047441855.1):c.1093G>T	NC_000023.11(NM_000397.4):c.1399G>T	N/A	N/A	False
CYBB	A1255	c.1399G>T	c_hgvs		NC_000023.11(XM_047441855.1):c.1093G>T	NC_000023.11(NM_000397.4):c.1399G>T	N/A	N/A	False
CYBB	A1256	c.1407_1414delinsTGTTGTA	c_hgvs		NC_000023.11(XM_047441855.1):c.1101_1108delinsTGTTGTA	NC_000023.11(NM_000397.4):c.1407_1414delinsTGTTGTA	N/A	N/A	False
CYBB	A1257	c.1421T>G	c_hgvs		NC_000023.11(XM_047441855.1):c.1115T>G	NC_000023.11(NM_000397.4):c.1421T>G	N/A	N/A	False
CYBB	A1258	c.1437C>A	c_hgvs		NC_000023.11(XM_047441855.1):c.1131C>A	NC_000023.11(NM_000397.4):c.1437C>A	N/A	N/A	False
CYBB	A1259	c.1437C>A	c_hgvs		NC_000023.11(XM_047441855.1):c.1131C>A	NC_000023.11(NM_000397.4):c.1437C>A	N/A	N/A	False
CYBB	A1260	c.1441A>C	c_hgvs		NC_000023.11(XM_047441855.1):c.1135A>C	NC_000023.11(NM_000397.4):c.1441A>C	N/A	N/A	False
CYBB	A1261	c.1448G>A	c_hgvs		NC_000023.11(XM_047441855.1):c.1142G>A	NC_000023.11(NM_000397.4):c.1448G>A	N/A	N/A	False
CYBB	A1262	c.1448G>A	c_hgvs		NC_000023.11(XM_047441855.1):c.1142G>A	NC_000023.11(NM_000397.4):c.1448G>A	N/A	N/A	False
CYBB	A1263	c.1448G>A	c_hgvs		NC_000023.11(XM_047441855.1):c.1142G>A	NC_000023.11(NM_000397.4):c.1448G>A	N/A	N/A	False
CYBB	A1264	c.1456dupT	c_hgvs		NC_000023.11(XM_047441855.1):c.1150dup	NC_000023.11(NM_000397.4):c.1456dup	N/A	N/A	False
CYBB	A1265	c.1461+1G>A	c_hgvs		NC_000023.11(XM_047441855.1):c.1155+1G>A	NC_000023.11(NM_000397.4):c.1461+1G>A	N/A	N/A	False
CYBB	A1266	c.1461+1G>T	c_hgvs		NC_000023.11(XM_047441855.1):c.1155+1G>T	NC_000023.11(NM_000397.4):c.1461+1G>T	N/A	N/A	False
CYBB	A1267	c.1461+1G>T	c_hgvs		NC_000023.11(XM_047441855.1):c.1155+1G>T	NC_000023.11(NM_000397.4):c.1461+1G>T	N/A	N/A	False
CYBB	A1268	c.1461+2delT	c_hgvs		NC_000023.11(XM_047441855.1):c.1155+2del	NC_000023.11(NM_000397.4):c.1461+2del	N/A	N/A	False
CYBB	A1272	c.1484A>C	c_hgvs		NC_000023.11(XM_047441855.1):c.1178A>C	NC_000023.11(NM_000397.4):c.1484A>C	N/A	N/A	False
CYBB	A1273	c.1484A>C	c_hgvs		NC_000023.11(XM_047441855.1):c.1178A>C	NC_000023.11(NM_000397.4):c.1484A>C	N/A	N/A	False
CYBB	A1274	c.1488_1490delTGA	c_hgvs		NC_000023.11(XM_047441855.1):c.1182_1184del	NC_000023.11(NM_000397.4):c.1488_1490del	N/A	N/A	False
CYBB	A1275	c.1498G>A	c_hgvs		NC_000023.11(XM_047441855.1):c.1192G>A	NC_000023.11(NM_000397.4):c.1498G>A	N/A	N/A	False
CYBB	A1276	c.1498G>A	c_hgvs		NC_000023.11(XM_047441855.1):c.1192G>A	NC_000023.11(NM_000397.4):c.1498G>A	N/A	N/A	False
CYBB	A1277	c.1498G>C	c_hgvs		NC_000023.11(XM_047441855.1):c.1192G>C	NC_000023.11(NM_000397.4):c.1498G>C	N/A	N/A	False
CYBB	A1278	c.1498G>T	c_hgvs		NC_000023.11(XM_047441855.1):c.1192G>T	NC_000023.11(NM_000397.4):c.1498G>T	N/A	N/A	False
CYBB	A1279	c.1498G>T	c_hgvs		NC_000023.11(XM_047441855.1):c.1192G>T	NC_000023.11(NM_000397.4):c.1498G>T	N/A	N/A	False
CYBB	A1280	c.1500T>G	c_hgvs		NC_000023.11(XM_047441855.1):c.1194T>G	NC_000023.11(NM_000397.4):c.1500T>G	N/A	N/A	False
CYBB	A1281	c.1509delA	c_hgvs		NC_000023.11(XM_047441855.1):c.1203del	NC_000023.11(NM_000397.4):c.1509del	N/A	N/A	False
CYBB	A1282	c.1509delA	c_hgvs		NC_000023.11(XM_047441855.1):c.1203del	NC_000023.11(NM_000397.4):c.1509del	N/A	N/A	False
CYBB	A1283	c.1514T>G	c_hgvs		NC_000023.11(XM_047441855.1):c.1208T>G	NC_000023.11(NM_000397.4):c.1514T>G	N/A	N/A	False
CYBB	A1284	c.1514T>C	c_hgvs		NC_000023.11(XM_047441855.1):c.1208T>C	NC_000023.11(NM_000397.4):c.1514T>C	N/A	N/A	False
CYBB	A1285	c.1515_1525delGAAACAAAAGA	c_hgvs		NC_000023.11(XM_047441855.1):c.1209_1219del	NC_000023.11(NM_000397.4):c.1515_1525del	N/A	N/A	False
CYBB	A1286	c.1519C>T	c_hgvs		NC_000023.11(XM_047441855.1):c.1213C>T	NC_000023.11(NM_000397.4):c.1519C>T	N/A	N/A	False
CYBB	A1287	c.1519C>T	c_hgvs		NC_000023.11(XM_047441855.1):c.1213C>T	NC_000023.11(NM_000397.4):c.1519C>T	N/A	N/A	False
CYBB	A1288	c.1519C>T	c_hgvs		NC_000023.11(XM_047441855.1):c.1213C>T	NC_000023.11(NM_000397.4):c.1519C>T	N/A	N/A	False
CYBB	A1289	c.1523delA	c_hgvs		NC_000023.11(XM_047441855.1):c.1217del	NC_000023.11(NM_000397.4):c.1523del	N/A	N/A	False
CYBB	A1290	c.1523delA	c_hgvs		NC_000023.11(XM_047441855.1):c.1217del	NC_000023.11(NM_000397.4):c.1523del	N/A	N/A	False
CYBB	A1291	c.1524_1527delGACT	c_hgvs		NC_000023.11(XM_047441855.1):c.1218_1221del	NC_000023.11(NM_000397.4):c.1524_1527del	N/A	N/A	False
CYBB	A1292	c.1528_1529delTT	c_hgvs		NC_000023.11(XM_047441855.1):c.1222_1223del	NC_000023.11(NM_000397.4):c.1528_1529del	N/A	N/A	False
CYBB	A1293	c.1528_1529delTT	c_hgvs		NC_000023.11(XM_047441855.1):c.1222_1223del	NC_000023.11(NM_000397.4):c.1528_1529del	N/A	N/A	False
CYBB	A1294	c.1533T>A	c_hgvs		NC_000023.11(XM_047441855.1):c.1227T>A	NC_000023.11(NM_000397.4):c.1533T>A	N/A	N/A	False
CYBB	A1295	c.1546T>A	c_hgvs		NC_000023.11(XM_047441855.1):c.1240T>A	NC_000023.11(NM_000397.4):c.1546T>A	N/A	N/A	False
CYBB	A1296	c.1547G>A	c_hgvs		NC_000023.11(XM_047441855.1):c.1241G>A	NC_000023.11(NM_000397.4):c.1547G>A	N/A	N/A	False
CYBB	A1297	c.1547G>A	c_hgvs		NC_000023.11(XM_047441855.1):c.1241G>A	NC_000023.11(NM_000397.4):c.1547G>A	N/A	N/A	False
CYBB	A1298	c.1548G>A	c_hgvs		NC_000023.11(XM_047441855.1):c.1242G>A	NC_000023.11(NM_000397.4):c.1548G>A	N/A	N/A	False
CYBB	A1299	c.1549delG	c_hgvs		NC_000023.11(XM_047441855.1):c.1243del	NC_000023.11(NM_000397.4):c.1549del	N/A	N/A	False
CYBB	A1301	c.1571C>T	c_hgvs		NC_000023.11(XM_047441855.1):c.1265C>T	NC_000023.11(NM_000397.4):c.1571C>T	N/A	N/A	False
CYBB	A1302	c.1571C>T	c_hgvs		NC_000023.11(XM_047441855.1):c.1265C>T	NC_000023.11(NM_000397.4):c.1571C>T	N/A	N/A	False
CYBB	A1303	c.1586+1G>C	c_hgvs		NC_000023.11(XM_047441855.1):c.1280+1G>C	NC_000023.11(NM_000397.4):c.1586+1G>C	N/A	N/A	False
CYBB	A1304	c.1586+3A>T	c_hgvs		NC_000023.11(XM_047441855.1):c.1280+3A>T	NC_000023.11(NM_000397.4):c.1586+3A>T	N/A	N/A	False
CYBB	A1305	c.1587-2A>G	c_hgvs		NC_000023.11(XM_047441855.1):c.1281-2A>G	NC_000023.11(NM_000397.4):c.1587-2A>G	N/A	N/A	False
CYBB	A1306	c.1587-2A>G	c_hgvs		NC_000023.11(XM_047441855.1):c.1281-2A>G	NC_000023.11(NM_000397.4):c.1587-2A>G	N/A	N/A	False
CYBB	A1307	c.1587-2A>G	c_hgvs		NC_000023.11(XM_047441855.1):c.1281-2A>G	NC_000023.11(NM_000397.4):c.1587-2A>G	N/A	N/A	False
CYBB	A1308	c.1598_1600delGAG	c_hgvs		NC_000023.11(XM_047441855.1):c.1292_1294del	NC_000023.11(NM_000397.4):c.1598_1600del	N/A	N/A	False
CYBB	A1309	c.1598_1600delGAG	c_hgvs		NC_000023.11(XM_047441855.1):c.1292_1294del	NC_000023.11(NM_000397.4):c.1598_1600del	N/A	N/A	False
CYBB	A1310	c.1603_1609delTTCCTCT	c_hgvs		NC_000023.11(XM_047441855.1):c.1297_1303del	NC_000023.11(NM_000397.4):c.1603_1609del	N/A	N/A	False
CYBB	A1311	c.1611_1612delTG	c_hgvs		NC_000023.11(XM_047441855.1):c.1305_1306del	NC_000023.11(NM_000397.4):c.1611_1612del	N/A	N/A	False
CYBB	A1312	c.1618delG	c_hgvs		NC_000023.11(XM_047441855.1):c.1312del	NC_000023.11(NM_000397.4):c.1618del	N/A	N/A	False
CYBB	A1313	c.1618delG	c_hgvs		NC_000023.11(XM_047441855.1):c.1312del	NC_000023.11(NM_000397.4):c.1618del	N/A	N/A	False
CYBB	A1314	c.1637T>G	c_hgvs		NC_000023.11(XM_047441855.1):c.1331T>G	NC_000023.11(NM_000397.4):c.1637T>G	N/A	N/A	False
CYBB	A1315	c.1642A>T	c_hgvs		NC_000023.11(XM_047441855.1):c.1336A>T	NC_000023.11(NM_000397.4):c.1642A>T	N/A	N/A	False
CYBB	A1316	c.1658delA	c_hgvs		NC_000023.11(XM_047441855.1):c.1352del	NC_000023.11(NM_000397.4):c.1658del	N/A	N/A	False
CYBB	A1317	c.1661_1662delCT	c_hgvs		NC_000023.11(XM_047441855.1):c.1355_1356del	NC_000023.11(NM_000397.4):c.1661_1662del	N/A	N/A	False
CYBB	A1318	c.1662dupT	c_hgvs		NC_000023.11(XM_047441855.1):c.1356dup	NC_000023.11(NM_000397.4):c.1662dup	N/A	N/A	False
CYBB	A1319	c.1662dupT	c_hgvs		NC_000023.11(XM_047441855.1):c.1356dup	NC_000023.11(NM_000397.4):c.1662dup	N/A	N/A	False
CYBB	A1320	c.1662_1663insGT	c_hgvs		NC_000023.11(XM_047441855.1):c.1356_1357dup	NC_000023.11(NM_000397.4):c.1662_1663dup	N/A	N/A	False
CYBB	A1321	c.1661_1662insGAGTCTGGCCCTCGGGGAGTGCATTTCA	c_hgvs		NC_000023.11(XM_047441855.1):c.1355_1356insGAGTCTGGCCCTCGGGGAGTGCATTTCA	NC_000023.11(NM_000397.4):c.1661_1662insGAGTCTGGCCCTCGGGGAGTGCATTTCA	N/A	N/A	False
CYBB	A1322	c.1678G>T	c_hgvs		NC_000023.11(XM_047441855.1):c.1372G>T	NC_000023.11(NM_000397.4):c.1678G>T	N/A	N/A	False
CYBB	A1323	c.1679delG	c_hgvs		NC_000023.11(XM_047441855.1):c.1373del	NC_000023.11(NM_000397.4):c.1679del	N/A	N/A	False
CYBB	A1324	c.1679delG	c_hgvs		NC_000023.11(XM_047441855.1):c.1373del	NC_000023.11(NM_000397.4):c.1679del	N/A	N/A	False
CYBB	A1325	c.1682_1712del	c_hgvs		NC_000023.11(XM_047441855.1):c.1376_1406del	NC_000023.11(NM_000397.4):c.1682_1712del	N/A	N/A	False
CYBB	A1326	c.1694dupT	c_hgvs		NC_000023.11(XM_047441855.1):c.1388dup	NC_000023.11(NM_000397.4):c.1694dup	N/A	N/A	False
CYBB	A1417	c.1463C>A	c_hgvs		NC_000023.11(XM_047441855.1):c.1157C>A	NC_000023.11(NM_000397.4):c.1463C>A	N/A	N/A	False
CYBB	A1418	c.271C>T	c_hgvs		NC_000023.11(XM_047441855.1):c.-36C>T	NC_000023.11(NM_000397.4):c.271C>T	N/A	N/A	False
CYBB	A1419	c.271C>T	c_hgvs		NC_000023.11(XM_047441855.1):c.-36C>T	NC_000023.11(NM_000397.4):c.271C>T	N/A	N/A	False
CYBB	A1420	c.1013A>G	c_hgvs		NC_000023.11(XM_047441855.1):c.707A>G	NC_000023.11(NM_000397.4):c.1013A>G	N/A	N/A	False
CYBB	A1421	c.175T>C	c_hgvs		NC_000023.11(XM_047441855.1):c.-256T>C	NC_000023.11(NM_000397.4):c.175T>C	N/A	N/A	False
CYBB	A1422	c.1221G>A	c_hgvs		NC_000023.11(XM_047441855.1):c.915G>A	NC_000023.11(NM_000397.4):c.1221G>A	N/A	N/A	False
CYBB	A1424	c.469C>T	c_hgvs		NC_000023.11(XM_047441855.1):c.163C>T	NC_000023.11(NM_000397.4):c.469C>T	N/A	N/A	False
CYBB	A1425	c.94delinsGG	c_hgvs		NC_000023.11(XM_047441855.1):c.-1643dup	NC_000023.11(NM_000397.4):c.94dup	N/A	N/A	False
CYBB	A1426	c.484-8T>G	c_hgvs		NC_000023.11(XM_047441855.1):c.178-8T>G	NC_000023.11(NM_000397.4):c.484-8T>G	N/A	N/A	False
CYBB	A1427	c.484-8T>G	c_hgvs		NC_000023.11(XM_047441855.1):c.178-8T>G	NC_000023.11(NM_000397.4):c.484-8T>G	N/A	N/A	False
CYBB	A1428	c.1534G>A	c_hgvs		NC_000023.11(XM_047441855.1):c.1228G>A	NC_000023.11(NM_000397.4):c.1534G>A	N/A	N/A	False
CYBB	A1429	c.1534G>A	c_hgvs		NC_000023.11(XM_047441855.1):c.1228G>A	NC_000023.11(NM_000397.4):c.1534G>A	N/A	N/A	False
CYBB	A1430	c.252G>A	c_hgvs		NC_000023.11(XM_047441855.1):c.-179G>A	NC_000023.11(NM_000397.4):c.252G>A	N/A	N/A	False
CYBB	A1431	c.1462-1G>T	c_hgvs		NC_000023.11(XM_047441855.1):c.1156-1G>T	NC_000023.11(NM_000397.4):c.1462-1G>T	N/A	N/A	False
CYBB	A1433	c.868C>T	c_hgvs		NC_000023.11(XM_047441855.1):c.562C>T	NC_000023.11(NM_000397.4):c.868C>T	N/A	N/A	False
CYBB	A1434	c.804+2T>C	c_hgvs		NC_000023.11(XM_047441855.1):c.498+2T>C	NC_000023.11(NM_000397.4):c.804+2T>C	N/A	N/A	False
CYBB	A1435	c.1375delC	c_hgvs		NC_000023.11(XM_047441855.1):c.1069del	NC_000023.11(NM_000397.4):c.1375del	N/A	N/A	False
CYBB	A1436	c.911C>A	c_hgvs		NC_000023.11(XM_047441855.1):c.605C>A	NC_000023.11(NM_000397.4):c.911C>A	N/A	N/A	False
CYBB	A1437	c.925G>A	c_hgvs		NC_000023.11(XM_047441855.1):c.619G>A	NC_000023.11(NM_000397.4):c.925G>A	N/A	N/A	False
CYBB	A1438	c.925G>A	c_hgvs		NC_000023.11(XM_047441855.1):c.619G>A	NC_000023.11(NM_000397.4):c.925G>A	N/A	N/A	False
CYBB	A1439	c.266delG	c_hgvs		NC_000023.11(XM_047441855.1):c.-41del	NC_000023.11(NM_000397.4):c.266del	N/A	N/A	False
CYBB	A1440	c.676C>T	c_hgvs		NC_000023.11(XM_047441855.1):c.370C>T	NC_000023.11(NM_000397.4):c.676C>T	N/A	N/A	False
CYBB	A1441	c.1528_1529delTT	c_hgvs		NC_000023.11(XM_047441855.1):c.1222_1223del	NC_000023.11(NM_000397.4):c.1528_1529del	N/A	N/A	False
CYBB	A1442	c.94dupG	c_hgvs		NC_000023.11(XM_047441855.1):c.-1643dup	NC_000023.11(NM_000397.4):c.94dup	N/A	N/A	False
CYBB	A1443	c.1A>G	c_hgvs		NC_000023.11(XM_047441855.1):c.-3701A>G	NC_000023.11(NM_000397.4):c.1A>G	N/A	N/A	False
FCGR3A	F0001	c.197T>A	r_hgvs		NC_000001.11(NM_000569.8):r.(197u>a)	NC_000001.11(NM_001127593.1):r.(197u>a)	N/A	N/A	False
FCGR3A	F0001	c.197T>A	p_hgvs		NC_000001.11(NP_000560.7):p.(Leu66His)	NC_000001.11(NP_001121065.1):p.(Leu66His)	N/A	N/A	False
FCGR3A	F0002	c.197T>A	r_hgvs		NC_000001.11(NM_000569.8):r.(197u>a)	NC_000001.11(NM_001127593.1):r.(197u>a)	N/A	N/A	False
FCGR3A	F0002	c.197T>A	p_hgvs		NC_000001.11(NP_000560.7):p.(Leu66His)	NC_000001.11(NP_001121065.1):p.(Leu66His)	N/A	N/A	False
FCGR3A	F0003	c.197T>A	r_hgvs		NC_000001.11(NM_000569.8):r.(197u>a)	NC_000001.11(NM_001127593.1):r.(197u>a)	N/A	N/A	False
FCGR3A	F0003	c.197T>A	p_hgvs		NC_000001.11(NP_000560.7):p.(Leu66His)	NC_000001.11(NP_001121065.1):p.(Leu66His)	N/A	N/A	False
FERMT3	F0001	c.1525C>T	r_hgvs		NC_000011.10(NM_031471.6):r.(1525c>u)	NC_000011.10(NM_178443.2):r.(1525c>u)	N/A	N/A	False
FERMT3	F0001	c.1525C>T	p_hgvs		NC_000011.10(NP_113659.3):p.(Arg509Ter)	NC_000011.10(NP_848537.1):p.(Pro509Ser)	N/A	N/A	False
FERMT3	F0002	c.1525C>T	r_hgvs		NC_000011.10(NM_031471.6):r.(1525c>u)	NC_000011.10(NM_178443.2):r.(1525c>u)	N/A	N/A	False
FERMT3	F0002	c.1525C>T	p_hgvs		NC_000011.10(NP_113659.3):p.(Arg509Ter)	NC_000011.10(NP_848537.1):p.(Pro509Ser)	N/A	N/A	False
FERMT3	F0003	c.1525C>T	r_hgvs		NC_000011.10(NM_031471.6):r.(1525c>u)	NC_000011.10(NM_178443.2):r.(1525c>u)	N/A	N/A	False
FERMT3	F0003	c.1525C>T	p_hgvs		NC_000011.10(NP_113659.3):p.(Arg509Ter)	NC_000011.10(NP_848537.1):p.(Pro509Ser)	N/A	N/A	False
FERMT3	F0004	c.1525C>T	r_hgvs		NC_000011.10(NM_031471.6):r.(1525c>u)	NC_000011.10(NM_178443.2):r.(1525c>u)	N/A	N/A	False
FERMT3	F0004	c.1525C>T	p_hgvs		NC_000011.10(NP_113659.3):p.(Arg509Ter)	NC_000011.10(NP_848537.1):p.(Pro509Ser)	N/A	N/A	False
FERMT3	F0005	c.1525C>T	r_hgvs		NC_000011.10(NM_031471.6):r.(1525c>u)	NC_000011.10(NM_178443.2):r.(1525c>u)	N/A	N/A	False
FERMT3	F0005	c.1525C>T	p_hgvs		NC_000011.10(NP_113659.3):p.(Arg509Ter)	NC_000011.10(NP_848537.1):p.(Pro509Ser)	N/A	N/A	False
FERMT3	F0006	c.1525C>T	r_hgvs		NC_000011.10(NM_031471.6):r.(1525c>u)	NC_000011.10(NM_178443.2):r.(1525c>u)	N/A	N/A	False
FERMT3	F0006	c.1525C>T	p_hgvs		NC_000011.10(NP_113659.3):p.(Arg509Ter)	NC_000011.10(NP_848537.1):p.(Pro509Ser)	N/A	N/A	False
FERMT3	F0007	c.1525C>T	r_hgvs		NC_000011.10(NM_031471.6):r.(1525c>u)	NC_000011.10(NM_178443.2):r.(1525c>u)	N/A	N/A	False
FERMT3	F0007	c.1525C>T	p_hgvs		NC_000011.10(NP_113659.3):p.(Arg509Ter)	NC_000011.10(NP_848537.1):p.(Pro509Ser)	N/A	N/A	False
FERMT3	F0008	c.1525C>T	r_hgvs		NC_000011.10(NM_031471.6):r.(1525c>u)	NC_000011.10(NM_178443.2):r.(1525c>u)	N/A	N/A	False
FERMT3	F0008	c.1525C>T	p_hgvs		NC_000011.10(NP_113659.3):p.(Arg509Ter)	NC_000011.10(NP_848537.1):p.(Pro509Ser)	N/A	N/A	False
FERMT3	F0009	c.1525C>T	r_hgvs		NC_000011.10(NM_031471.6):r.(1525c>u)	NC_000011.10(NM_178443.2):r.(1525c>u)	N/A	N/A	False
FERMT3	F0009	c.1525C>T	p_hgvs		NC_000011.10(NP_113659.3):p.(Arg509Ter)	NC_000011.10(NP_848537.1):p.(Pro509Ser)	N/A	N/A	False
FERMT3	F0010	c.1525C>T	r_hgvs		NC_000011.10(NM_031471.6):r.(1525c>u)	NC_000011.10(NM_178443.2):r.(1525c>u)	N/A	N/A	False
FERMT3	F0010	c.1525C>T	p_hgvs		NC_000011.10(NP_113659.3):p.(Arg509Ter)	NC_000011.10(NP_848537.1):p.(Pro509Ser)	N/A	N/A	False
FERMT3	F0011	c.1525C>T	r_hgvs		NC_000011.10(NM_031471.6):r.(1525c>u)	NC_000011.10(NM_178443.2):r.(1525c>u)	N/A	N/A	False
FERMT3	F0011	c.1525C>T	p_hgvs		NC_000011.10(NP_113659.3):p.(Arg509Ter)	NC_000011.10(NP_848537.1):p.(Pro509Ser)	N/A	N/A	False
FERMT3	F0012	c.1525C>T	r_hgvs		NC_000011.10(NM_031471.6):r.(1525c>u)	NC_000011.10(NM_178443.2):r.(1525c>u)	N/A	N/A	False
FERMT3	F0012	c.1525C>T	p_hgvs		NC_000011.10(NP_113659.3):p.(Arg509Ter)	NC_000011.10(NP_848537.1):p.(Pro509Ser)	N/A	N/A	False
FERMT3	F0014	c.687G>A	r_hgvs		NC_000011.10(NM_031471.6):r.(687g>a)	NC_000011.10(NM_178443.2):r.(687g>a)	N/A	N/A	False
FERMT3	F0014	c.687G>A	p_hgvs		NC_000011.10(NP_113659.3):p.(Trp229Ter)	NC_000011.10(NP_848537.1):p.(Trp229Ter)	N/A	N/A	False
FERMT3	F0015	c.687G>A	r_hgvs		NC_000011.10(NM_031471.6):r.(687g>a)	NC_000011.10(NM_178443.2):r.(687g>a)	N/A	N/A	False
FERMT3	F0015	c.687G>A	p_hgvs		NC_000011.10(NP_113659.3):p.(Trp229Ter)	NC_000011.10(NP_848537.1):p.(Trp229Ter)	N/A	N/A	False
FERMT3	F0017	c.1525C>T	r_hgvs		NC_000011.10(NM_031471.6):r.(1525c>u)	NC_000011.10(NM_178443.2):r.(1525c>u)	N/A	N/A	False
FERMT3	F0017	c.1525C>T	p_hgvs		NC_000011.10(NP_113659.3):p.(Arg509Ter)	NC_000011.10(NP_848537.1):p.(Pro509Ser)	N/A	N/A	False
FERMT3	F0018	c.1525C>T	r_hgvs		NC_000011.10(NM_031471.6):r.(1525c>u)	NC_000011.10(NM_178443.2):r.(1525c>u)	N/A	N/A	False
FERMT3	F0018	c.1525C>T	p_hgvs		NC_000011.10(NP_113659.3):p.(Arg509Ter)	NC_000011.10(NP_848537.1):p.(Pro509Ser)	N/A	N/A	False
FERMT3	F0019	c.48G>A	r_hgvs		NC_000011.10(NM_031471.6):r.(48g>a)	NC_000011.10(NM_178443.2):r.(48g>a)	N/A	N/A	False
FERMT3	F0019	c.48G>A	p_hgvs		NC_000011.10(NP_113659.3):p.(Trp16Ter)	NC_000011.10(NP_848537.1):p.(Trp16Ter)	N/A	N/A	False
FERMT3	F0020	c.48G>A	r_hgvs		NC_000011.10(NM_031471.6):r.(48g>a)	NC_000011.10(NM_178443.2):r.(48g>a)	N/A	N/A	False
FERMT3	F0020	c.48G>A	p_hgvs		NC_000011.10(NP_113659.3):p.(Trp16Ter)	NC_000011.10(NP_848537.1):p.(Trp16Ter)	N/A	N/A	False
FERMT3	F0024	c.237_238insCTGGACA	r_hgvs		NC_000011.10(NM_031471.6):r.(238_244delinscuggacacuggaca)	NC_000011.10(NM_178443.2):r.(238_244delinscuggacacuggaca)	N/A	N/A	False
FERMT3	F0024	c.237_238insCTGGACA	p_hgvs		NC_000011.10(NP_113659.3):p.(Lys82ThrfsTer67)	NC_000011.10(NP_848537.1):p.(Lys82ThrfsTer67)	N/A	N/A	False
HAX1	H0001	c.130_131insA	c_hgvs		NC_000001.11(NM_001018837.2):c.54-68_54-67insA	NC_000001.11(NM_006118.4):c.130_131insA	N/A	N/A	False
HAX1	H0002	c.130_131insA	c_hgvs		NC_000001.11(NM_001018837.2):c.54-68_54-67insA	NC_000001.11(NM_006118.4):c.130_131insA	N/A	N/A	False
HAX1	H0003	c.130_131insA	c_hgvs		NC_000001.11(NM_001018837.2):c.54-68_54-67insA	NC_000001.11(NM_006118.4):c.130_131insA	N/A	N/A	False
HAX1	H0004	c.130_131insA	c_hgvs		NC_000001.11(NM_001018837.2):c.54-68_54-67insA	NC_000001.11(NM_006118.4):c.130_131insA	N/A	N/A	False
HAX1	H0005	c.130_131insA	c_hgvs		NC_000001.11(NM_001018837.2):c.54-68_54-67insA	NC_000001.11(NM_006118.4):c.130_131insA	N/A	N/A	False
HAX1	H0006	c.130_131insA	c_hgvs		NC_000001.11(NM_001018837.2):c.54-68_54-67insA	NC_000001.11(NM_006118.4):c.130_131insA	N/A	N/A	False
HAX1	H0007	c.130_131insA	c_hgvs		NC_000001.11(NM_001018837.2):c.54-68_54-67insA	NC_000001.11(NM_006118.4):c.130_131insA	N/A	N/A	False
HAX1	H0008	c.130_131insA	c_hgvs		NC_000001.11(NM_001018837.2):c.54-68_54-67insA	NC_000001.11(NM_006118.4):c.130_131insA	N/A	N/A	False
HAX1	H0009	c.130_131insA	c_hgvs		NC_000001.11(NM_001018837.2):c.54-68_54-67insA	NC_000001.11(NM_006118.4):c.130_131insA	N/A	N/A	False
HAX1	H0010	c.130_131insA	c_hgvs		NC_000001.11(NM_001018837.2):c.54-68_54-67insA	NC_000001.11(NM_006118.4):c.130_131insA	N/A	N/A	False
HAX1	H0011	c.130_131insA	c_hgvs		NC_000001.11(NM_001018837.2):c.54-68_54-67insA	NC_000001.11(NM_006118.4):c.130_131insA	N/A	N/A	False
HAX1	H0012	c.130_131insA	c_hgvs		NC_000001.11(NM_001018837.2):c.54-68_54-67insA	NC_000001.11(NM_006118.4):c.130_131insA	N/A	N/A	False
HAX1	H0013	c.130_131insA	c_hgvs		NC_000001.11(NM_001018837.2):c.54-68_54-67insA	NC_000001.11(NM_006118.4):c.130_131insA	N/A	N/A	False
HAX1	H0014	c.256C>T	c_hgvs		NC_000001.11(NM_001018837.2):c.112C>T	NC_000001.11(NM_006118.4):c.256C>T	N/A	N/A	False
HAX1	H0015	c.130_131insA	c_hgvs		NC_000001.11(NM_001018837.2):c.54-68_54-67insA	NC_000001.11(NM_006118.4):c.130_131insA	N/A	N/A	False
HAX1	H0016	c.130_131insA	c_hgvs		NC_000001.11(NM_001018837.2):c.54-68_54-67insA	NC_000001.11(NM_006118.4):c.130_131insA	N/A	N/A	False
HAX1	H0017	c.130_131insA	c_hgvs		NC_000001.11(NM_001018837.2):c.54-68_54-67insA	NC_000001.11(NM_006118.4):c.130_131insA	N/A	N/A	False
HAX1	H0018	c.130_131insA	c_hgvs		NC_000001.11(NM_001018837.2):c.54-68_54-67insA	NC_000001.11(NM_006118.4):c.130_131insA	N/A	N/A	False
HAX1	H0019	c.130_131insA	c_hgvs		NC_000001.11(NM_001018837.2):c.54-68_54-67insA	NC_000001.11(NM_006118.4):c.130_131insA	N/A	N/A	False
HAX1	H0020	c.130_131insA	c_hgvs		NC_000001.11(NM_001018837.2):c.54-68_54-67insA	NC_000001.11(NM_006118.4):c.130_131insA	N/A	N/A	False
HAX1	H0021	c.568C>T	c_hgvs		NC_000001.11(NM_001018837.2):c.424C>T	NC_000001.11(NM_006118.4):c.568C>T	N/A	N/A	False
HAX1	H0022	c.568C>T	c_hgvs		NC_000001.11(NM_001018837.2):c.424C>T	NC_000001.11(NM_006118.4):c.568C>T	N/A	N/A	False
HAX1	H0023	c.568C>T	c_hgvs		NC_000001.11(NM_001018837.2):c.424C>T	NC_000001.11(NM_006118.4):c.568C>T	N/A	N/A	False
HAX1	H0024	c.180delA	c_hgvs		NC_000001.11(NM_001018837.2):c.54-18del	NC_000001.11(NM_006118.4):c.180del	N/A	N/A	False
HAX1	H0025	c.430dupG	c_hgvs		NC_000001.11(NM_001018837.2):c.286dup	NC_000001.11(NM_006118.4):c.430dup	N/A	N/A	False
HAX1	H0026	c.368_381delAGACACTTCGGGAC	c_hgvs		NC_000001.11(NM_001018837.2):c.224_237del	NC_000001.11(NM_006118.4):c.368_381del	N/A	N/A	False
HAX1	H0027	c.174_175insC	c_hgvs		NC_000001.11(NM_001018837.2):c.54-24_54-23insC	NC_000001.11(NM_006118.4):c.174_175insC	N/A	N/A	False
HAX1	H0028	c.256C>T	c_hgvs		NC_000001.11(NM_001018837.2):c.112C>T	NC_000001.11(NM_006118.4):c.256C>T	N/A	N/A	False
HAX1	H0029	c.256C>T	c_hgvs		NC_000001.11(NM_001018837.2):c.112C>T	NC_000001.11(NM_006118.4):c.256C>T	N/A	N/A	False
HAX1	H0030	c.256C>T	c_hgvs		NC_000001.11(NM_001018837.2):c.112C>T	NC_000001.11(NM_006118.4):c.256C>T	N/A	N/A	False
HAX1	H0031	c.568C>T	c_hgvs		NC_000001.11(NM_001018837.2):c.424C>T	NC_000001.11(NM_006118.4):c.568C>T	N/A	N/A	False
HAX1	H0032	c.421T>C	c_hgvs		NC_000001.11(NM_001018837.2):c.277T>C	NC_000001.11(NM_006118.4):c.421T>C	N/A	N/A	False
HAX1	H0033	c.421T>C	c_hgvs		NC_000001.11(NM_001018837.2):c.277T>C	NC_000001.11(NM_006118.4):c.421T>C	N/A	N/A	False
HAX1	H0034	c.430dupG	c_hgvs		NC_000001.11(NM_001018837.2):c.286dup	NC_000001.11(NM_006118.4):c.430dup	N/A	N/A	False
HAX1	H0035	c.409C>T	c_hgvs		NC_000001.11(NM_001018837.2):c.265C>T	NC_000001.11(NM_006118.4):c.409C>T	N/A	N/A	False
HAX1	H0036	c.463dupC	c_hgvs		NC_000001.11(NM_001018837.2):c.319dup	NC_000001.11(NM_006118.4):c.463dup	N/A	N/A	False
HAX1	H0037	c.431T>G	c_hgvs		NC_000001.11(NM_001018837.2):c.287T>G	NC_000001.11(NM_006118.4):c.431T>G	N/A	N/A	False
HAX1	H0038	c.389T>G	c_hgvs		NC_000001.11(NM_001018837.2):c.245T>G	NC_000001.11(NM_006118.4):c.389T>G	N/A	N/A	False
HAX1	H0039	c.514G>A	c_hgvs		NC_000001.11(NM_001018837.2):c.370G>A	NC_000001.11(NM_006118.4):c.514G>A	N/A	N/A	False
JAK3	J0001	c.299A>G	c_hgvs		NC_000019.10(NM_001440439.1):c.299A>G	NC_000019.10(NM_000215.4):c.299A>G	N/A	N/A	False
JAK3	J0002	c.2200_2350del	c_hgvs		NC_000019.10(NM_001440439.1):c.2200_2350del	NC_000019.10(NM_000215.4):c.2200_2350del	N/A	N/A	False
JAK3	J0003	c.1695C>A	c_hgvs		NC_000019.10(NM_001440439.1):c.1695C>A	NC_000019.10(NM_000215.4):c.1695C>A	N/A	N/A	False
JAK3	J0004	c.1442_1786del	c_hgvs		NC_000019.10(NM_001440439.1):c.1442_1786del	NC_000019.10(NM_000215.4):c.1442_1786del	N/A	N/A	False
JAK3	J0005	c.2275T>C	c_hgvs		NC_000019.10(NM_001440439.1):c.2275T>C	NC_000019.10(NM_000215.4):c.2275T>C	N/A	N/A	False
JAK3	J0009	c.452C>G	c_hgvs		NC_000019.10(NM_001440439.1):c.452C>G	NC_000019.10(NM_000215.4):c.452C>G	N/A	N/A	False
JAK3	J0010	c.1333C>T	c_hgvs		NC_000019.10(NM_001440439.1):c.1333C>T	NC_000019.10(NM_000215.4):c.1333C>T	N/A	N/A	False
JAK3	J0012	c.2164G>A	c_hgvs		NC_000019.10(NM_001440439.1):c.2164G>A	NC_000019.10(NM_000215.4):c.2164G>A	N/A	N/A	False
JAK3	J0013	c.3069C>A	c_hgvs		NC_000019.10(NM_001440439.1):c.3069C>A	NC_000019.10(NM_000215.4):c.3069C>A	N/A	N/A	False
JAK3	J0014	c.3096+2T>A	c_hgvs		NC_000019.10(NM_001440439.1):c.3096+2T>A	NC_000019.10(NM_000215.4):c.3096+2T>A	N/A	N/A	False
JAK3	J0015	c.2200_2350del	c_hgvs		NC_000019.10(NM_001440439.1):c.2200_2350del	NC_000019.10(NM_000215.4):c.2200_2350del	N/A	N/A	False
JAK3	J0016	c.3072delC	c_hgvs		NC_000019.10(NM_001440439.1):c.3072del	NC_000019.10(NM_000215.4):c.3072del	N/A	N/A	False
JAK3	J0017	c.2065C>T	c_hgvs		NC_000019.10(NM_001440439.1):c.2065C>T	NC_000019.10(NM_000215.4):c.2065C>T	N/A	N/A	False
JAK3	J0018	c.2080G>A	c_hgvs		NC_000019.10(NM_001440439.1):c.2080G>A	NC_000019.10(NM_000215.4):c.2080G>A	N/A	N/A	False
JAK3	J0019	c.2296C>T	c_hgvs		NC_000019.10(NM_001440439.1):c.2296C>T	NC_000019.10(NM_000215.4):c.2296C>T	N/A	N/A	False
JAK3	J0020	c.2092G>T	c_hgvs		NC_000019.10(NM_001440439.1):c.2092G>T	NC_000019.10(NM_000215.4):c.2092G>T	N/A	N/A	False
JAK3	J0021	c.1951C>T	c_hgvs		NC_000019.10(NM_001440439.1):c.1951C>T	NC_000019.10(NM_000215.4):c.1951C>T	N/A	N/A	False
JAK3	J0022	c.2311C>T	c_hgvs		NC_000019.10(NM_001440439.1):c.2311C>T	NC_000019.10(NM_000215.4):c.2311C>T	N/A	N/A	False
JAK3	J0023	c.2680+3G>C	c_hgvs		NC_000019.10(NM_001440439.1):c.2680+3G>C	NC_000019.10(NM_000215.4):c.2680+3G>C	N/A	N/A	False
JAK3	J0024	c.2680+3G>C	c_hgvs		NC_000019.10(NM_001440439.1):c.2680+3G>C	NC_000019.10(NM_000215.4):c.2680+3G>C	N/A	N/A	False
JAK3	J0025	c.507C>A	c_hgvs		NC_000019.10(NM_001440439.1):c.507C>A	NC_000019.10(NM_000215.4):c.507C>A	N/A	N/A	False
JAK3	J0026	c.1765G>A	c_hgvs		NC_000019.10(NM_001440439.1):c.1765G>A	NC_000019.10(NM_000215.4):c.1765G>A	N/A	N/A	False
JAK3	J0028	c.108delG	c_hgvs		NC_000019.10(NM_001440439.1):c.108del	NC_000019.10(NM_000215.4):c.108del	N/A	N/A	False
JAK3	J0029	c.2787delT	c_hgvs		NC_000019.10(NM_001440439.1):c.2788del	NC_000019.10(NM_000215.4):c.2788del	N/A	N/A	False
JAK3	J0030	c.1568G>A	c_hgvs		NC_000019.10(NM_001440439.1):c.1568G>A	NC_000019.10(NM_000215.4):c.1568G>A	N/A	N/A	False
JAK3	J0032	c.3097-1G>A	c_hgvs		NC_000019.10(NM_001440439.1):c.3097-1G>A	NC_000019.10(NM_000215.4):c.3097-1G>A	N/A	N/A	False
JAK3	J0033	c.1255-10_1255-8delTTC	c_hgvs		NC_000019.10(NM_001440439.1):c.1255-8_1255-6del	NC_000019.10(NM_000215.4):c.1255-8_1255-6del	N/A	N/A	False
JAK3	J0034	c.1701+350_1787-399del	c_hgvs		NC_000019.10(NM_001440439.1):c.1701+351_1787-398del	NC_000019.10(NM_000215.4):c.1701+351_1787-398del	N/A	N/A	False
LIG4	L0001	c.2440C>T	r_hgvs		NC_000013.11(NM_206937.2):r.(2440c>u)	NC_000013.11(NM_002312.3):r.(2440c>u)	N/A	N/A	False
LIG4	L0001	c.2440C>T	p_hgvs		NC_000013.11(NP_996820.1):p.(Arg814Ter)	NC_000013.11(NP_002303.2):p.(Arg814Ter)	N/A	N/A	False
LIG4	L0002	c.2440C>T	r_hgvs		NC_000013.11(NM_206937.2):r.(2440c>u)	NC_000013.11(NM_002312.3):r.(2440c>u)	N/A	N/A	False
LIG4	L0002	c.2440C>T	p_hgvs		NC_000013.11(NP_996820.1):p.(Arg814Ter)	NC_000013.11(NP_002303.2):p.(Arg814Ter)	N/A	N/A	False
LIG4	L0004	c.2440C>T	r_hgvs		NC_000013.11(NM_206937.2):r.(2440c>u)	NC_000013.11(NM_002312.3):r.(2440c>u)	N/A	N/A	False
LIG4	L0004	c.2440C>T	p_hgvs		NC_000013.11(NP_996820.1):p.(Arg814Ter)	NC_000013.11(NP_002303.2):p.(Arg814Ter)	N/A	N/A	False
LIG4	L0005	c.2440C>T	r_hgvs		NC_000013.11(NM_206937.2):r.(2440c>u)	NC_000013.11(NM_002312.3):r.(2440c>u)	N/A	N/A	False
LIG4	L0005	c.2440C>T	p_hgvs		NC_000013.11(NP_996820.1):p.(Arg814Ter)	NC_000013.11(NP_002303.2):p.(Arg814Ter)	N/A	N/A	False
LIG4	L0006	c.1297_1299delCAA	r_hgvs		NC_000013.11(NM_206937.2):r.(1298_1300del)	NC_000013.11(NM_002312.3):r.(1298_1300del)	N/A	N/A	False
LIG4	L0006	c.1297_1299delCAA	p_hgvs		NC_000013.11(NP_996820.1):p.(Gln433del)	NC_000013.11(NP_002303.2):p.(Gln433del)	N/A	N/A	False
LIG4	L0007	c.1271_1275delAAAGA	r_hgvs		NC_000013.11(NM_206937.2):r.(1271_1275del)	NC_000013.11(NM_002312.3):r.(1271_1275del)	N/A	N/A	False
LIG4	L0007	c.1271_1275delAAAGA	p_hgvs		NC_000013.11(NP_996820.1):p.(Lys424ArgfsTer20)	NC_000013.11(NP_002303.2):p.(Lys424ArgfsTer20)	N/A	N/A	False
LIG4	L0008	c.1271_1275delAAAGA	r_hgvs		NC_000013.11(NM_206937.2):r.(1271_1275del)	NC_000013.11(NM_002312.3):r.(1271_1275del)	N/A	N/A	False
LIG4	L0008	c.1271_1275delAAAGA	p_hgvs		NC_000013.11(NP_996820.1):p.(Lys424ArgfsTer20)	NC_000013.11(NP_002303.2):p.(Lys424ArgfsTer20)	N/A	N/A	False
LIG4	L0009	c.833G>A	r_hgvs		NC_000013.11(NM_206937.2):r.(833g>a)	NC_000013.11(NM_002312.3):r.(833g>a)	N/A	N/A	False
LIG4	L0009	c.833G>A	p_hgvs		NC_000013.11(NP_996820.1):p.(Arg278His)	NC_000013.11(NP_002303.2):p.(Arg278His)	N/A	N/A	False
LIG4	L0010	c.1271_1275delAAAGA	r_hgvs		NC_000013.11(NM_206937.2):r.(1271_1275del)	NC_000013.11(NM_002312.3):r.(1271_1275del)	N/A	N/A	False
LIG4	L0010	c.1271_1275delAAAGA	p_hgvs		NC_000013.11(NP_996820.1):p.(Lys424ArgfsTer20)	NC_000013.11(NP_002303.2):p.(Lys424ArgfsTer20)	N/A	N/A	False
LIG4	L0011	c.1271_1275delAAAGA	r_hgvs		NC_000013.11(NM_206937.2):r.(1271_1275del)	NC_000013.11(NM_002312.3):r.(1271_1275del)	N/A	N/A	False
LIG4	L0011	c.1271_1275delAAAGA	p_hgvs		NC_000013.11(NP_996820.1):p.(Lys424ArgfsTer20)	NC_000013.11(NP_002303.2):p.(Lys424ArgfsTer20)	N/A	N/A	False
LIG4	L0012	c.1270_1274delAAAAG	r_hgvs		NC_000013.11(NM_206937.2):r.(1271_1275del)	NC_000013.11(NM_002312.3):r.(1271_1275del)	N/A	N/A	False
LIG4	L0012	c.1270_1274delAAAAG	p_hgvs		NC_000013.11(NP_996820.1):p.(Lys424ArgfsTer20)	NC_000013.11(NP_002303.2):p.(Lys424ArgfsTer20)	N/A	N/A	False
MAPBPIP	M0001	c.401C>A	c_hgvs		NC_000001.11(NM_001145264.2):c.*23C>A	NC_000001.11(NM_014017.4):c.*23C>A	N/A	N/A	False
MAPBPIP	M0002	c.401C>A	c_hgvs		NC_000001.11(NM_001145264.2):c.*23C>A	NC_000001.11(NM_014017.4):c.*23C>A	N/A	N/A	False
MAPBPIP	M0003	c.401C>A	c_hgvs		NC_000001.11(NM_001145264.2):c.*23C>A	NC_000001.11(NM_014017.4):c.*23C>A	N/A	N/A	False
MAPBPIP	M0004	c.401C>A	c_hgvs		NC_000001.11(NM_001145264.2):c.*23C>A	NC_000001.11(NM_014017.4):c.*23C>A	N/A	N/A	False
MYO5A	M0001	c.3736C>T	r_hgvs		NC_000015.10(NM_001382347.1):r.(3736c>u)	NC_000015.10(NM_000259.3):r.(3736c>u)	N/A	N/A	False
MYO5A	M0001	c.3736C>T	p_hgvs		NC_000015.10(NP_001369276.1):p.(Arg1246Cys)	NC_000015.10(NP_000250.3):p.(Arg1246Cys)	N/A	N/A	False
MYO5A	M0002	c.2332C>T	r_hgvs		NC_000015.10(NM_001382347.1):r.(2332c>u)	NC_000015.10(NM_000259.3):r.(2332c>u)	N/A	N/A	False
MYO5A	M0002	c.2332C>T	p_hgvs		NC_000015.10(NP_001369276.1):p.(Arg778Ter)	NC_000015.10(NP_000250.3):p.(Arg778Ter)	N/A	N/A	False
NHEJ1	N0001	c.367T>C	c_hgvs		NC_000002.12(NM_001377499.1):c.367T>C	NC_000002.12(NM_024782.3):c.367T>C	N/A	N/A	False
NHEJ1	N0002	c.532C>T	c_hgvs		NC_000002.12(NM_001377499.1):c.532C>T	NC_000002.12(NM_024782.3):c.532C>T	N/A	N/A	False
NHEJ1	N0003	c.177+3A>T	c_hgvs		NC_000002.12(NM_001377499.1):c.177+3A>T	NC_000002.12(NM_024782.3):c.177+3A>T	N/A	N/A	False
NHEJ1	N0003	c.177delG	c_hgvs		NC_000002.12(NM_001377499.1):c.177+1del	NC_000002.12(NM_024782.3):c.177+1del	N/A	N/A	False
NHEJ1	N0004	c.177+3A>T	c_hgvs		NC_000002.12(NM_001377499.1):c.177+3A>T	NC_000002.12(NM_024782.3):c.177+3A>T	N/A	N/A	False
NHEJ1	N0004	c.177delG	c_hgvs		NC_000002.12(NM_001377499.1):c.177+1del	NC_000002.12(NM_024782.3):c.177+1del	N/A	N/A	False
NHEJ1	N0005	c.169C>G	c_hgvs		NC_000002.12(NM_001377499.1):c.169C>G	NC_000002.12(NM_024782.3):c.169C>G	N/A	N/A	False
NHEJ1	N0006	c.11dupT	c_hgvs		NC_000002.12(NM_001377499.1):c.11dup	NC_000002.12(NM_024782.3):c.11dup	N/A	N/A	False
NHEJ1	N0007	c.169C>G	c_hgvs		NC_000002.12(NM_001377499.1):c.169C>G	NC_000002.12(NM_024782.3):c.169C>G	N/A	N/A	False
NHEJ1	N0008	c.495dupA	c_hgvs		NC_000002.12(NM_001377499.1):c.495dup	NC_000002.12(NM_024782.3):c.495dup	N/A	N/A	False
NHEJ1	N0009	c.495dupA	c_hgvs		NC_000002.12(NM_001377499.1):c.495dup	NC_000002.12(NM_024782.3):c.495dup	N/A	N/A	False
NHEJ1	N0010	c.526C>T	c_hgvs		NC_000002.12(NM_001377499.1):c.526C>T	NC_000002.12(NM_024782.3):c.526C>T	N/A	N/A	False
NHEJ1	N0011	c.532C>T	c_hgvs		NC_000002.12(NM_001377499.1):c.532C>T	NC_000002.12(NM_024782.3):c.532C>T	N/A	N/A	False
ORAI1	T0003	c.261_262insA	r_hgvs		NM_032790.4:r.(261delinsaa)	NC_000012.12(NM_032790.3):r.(264delinsaa)	N/A	N/A	False
ORAI1	T0003	c.261_262insA	p_hgvs		NM_032790.4(NP_116179.2):p.(Ala88SerfsTer25)	NC_000012.12(NP_116179.2):p.(Ala89SerfsTer25)	N/A	N/A	False
ORAI1	T0004	c.581T>C	r_hgvs		NM_032790.4:r.(581u>c)	NC_000012.12(NM_032790.3):r.(581u>c)	N/A	N/A	False
ORAI1	T0004	c.581T>C	p_hgvs		NM_032790.4(NP_116179.2):p.(Leu194Pro)	NC_000012.12(NP_116179.2):p.(Leu194Pro)	N/A	N/A	False
PIK3R1	A0001	c.1226G>A	r_hgvs		NG_012849.2(NM_181523.3):r.(1226g>a)	NM_181523.3:r.(1226g>a)	N/A	N/A	False
PIK3R1	A0001	c.1226G>A	p_hgvs		NG_012849.2(NP_852664.1):p.(Arg409Gln)	NM_181523.3(NP_852664.1):p.(Arg409Gln)	N/A	N/A	False
RASA1	A0001	c.1193G>T	r_hgvs		NG_011650.1(NM_002890.3):r.(1193g>u)	NM_002890.3:r.(1193g>u)	N/A	N/A	False
RASA1	A0001	c.1193G>T	p_hgvs		NG_011650.1(NP_002881.1):p.(Arg398Leu)	NM_002890.3(NP_002881.1):p.(Arg398Leu)	N/A	N/A	False
RASA1	A0002	c.1198A>G	r_hgvs		NG_011650.1(NM_002890.3):r.(1198a>g)	NM_002890.3:r.(1198a>g)	N/A	N/A	False
RASA1	A0002	c.1198A>G	p_hgvs		NG_011650.1(NP_002881.1):p.(Lys400Glu)	NM_002890.3(NP_002881.1):p.(Lys400Glu)	N/A	N/A	False
RASA1	A0003	c.1201A>G	r_hgvs		NG_011650.1(NM_002890.3):r.(1201a>g)	NM_002890.3:r.(1201a>g)	N/A	N/A	False
RASA1	A0003	c.1201A>G	p_hgvs		NG_011650.1(NP_002881.1):p.(Ile401Val)	NM_002890.3(NP_002881.1):p.(Ile401Val)	N/A	N/A	False
RFX5	R0005	c.1122C>T	r_hgvs		NC_000001.11(NM_001025603.2):r.(1122c>u)	NC_000001.11(NM_000449.3):r.(1122c>u)	N/A	N/A	False
RFX5	R0005	c.1122C>T	p_hgvs		NC_000001.11(NP_001020774.1):p.(=)	NC_000001.11(NP_000440.1):p.(=)	N/A	N/A	False
RFX5	R0007	c.607G>A	r_hgvs		NC_000001.11(NM_001025603.2):r.(607g>a)	NC_000001.11(NM_000449.3):r.(607g>a)	N/A	N/A	False
RFX5	R0007	c.607G>A	p_hgvs		NC_000001.11(NP_001020774.1):p.(Ala203Thr)	NC_000001.11(NP_000440.1):p.(Ala203Thr)	N/A	N/A	False
RFX5	R0008	c.607G>A	r_hgvs		NC_000001.11(NM_001025603.2):r.(607g>a)	NC_000001.11(NM_000449.3):r.(607g>a)	N/A	N/A	False
RFX5	R0008	c.607G>A	p_hgvs		NC_000001.11(NP_001020774.1):p.(Ala203Thr)	NC_000001.11(NP_000440.1):p.(Ala203Thr)	N/A	N/A	False
SMARCAL1	S0001	c.1756C>T	c_hgvs		NC_000002.12(NM_001127207.2):c.1756C>T	NC_000002.12(NM_014140.4):c.1756C>T	N/A	N/A	False
SMARCAL1	S0002	c.1756C>T	c_hgvs		NC_000002.12(NM_001127207.2):c.1756C>T	NC_000002.12(NM_014140.4):c.1756C>T	N/A	N/A	False
SMARCAL1	S0003	c.1132G>T	c_hgvs		NC_000002.12(NM_001127207.2):c.1132G>T	NC_000002.12(NM_014140.4):c.1132G>T	N/A	N/A	False
SMARCAL1	S0004	c.2459G>A	c_hgvs		NC_000002.12(NM_001127207.2):c.2459G>A	NC_000002.12(NM_014140.4):c.2459G>A	N/A	N/A	False
SMARCAL1	S0005	c.2542G>T	c_hgvs		NC_000002.12(NM_001127207.2):c.2542G>T	NC_000002.12(NM_014140.4):c.2542G>T	N/A	N/A	False
SMARCAL1	S0006	c.100C>T	c_hgvs		NC_000002.12(NM_001127207.2):c.100C>T	NC_000002.12(NM_014140.4):c.100C>T	N/A	N/A	False
SMARCAL1	S0008	c.1736C>T	c_hgvs		NC_000002.12(NM_001127207.2):c.1736C>T	NC_000002.12(NM_014140.4):c.1736C>T	N/A	N/A	False
SMARCAL1	S0009	c.1096+1G>A	c_hgvs		NC_000002.12(NM_001127207.2):c.1096+1G>A	NC_000002.12(NM_014140.4):c.1096+1G>A	N/A	N/A	False
SMARCAL1	S0010	c.2114C>T	c_hgvs		NC_000002.12(NM_001127207.2):c.2114C>T	NC_000002.12(NM_014140.4):c.2114C>T	N/A	N/A	False
SMARCAL1	S0011	c.1874C>G	c_hgvs		NC_000002.12(NM_001127207.2):c.1874C>G	NC_000002.12(NM_014140.4):c.1874C>G	N/A	N/A	False
SMARCAL1	S0012	c.2459G>A	c_hgvs		NC_000002.12(NM_001127207.2):c.2459G>A	NC_000002.12(NM_014140.4):c.2459G>A	N/A	N/A	False
SMARCAL1	S0013	c.1939A>C	c_hgvs		NC_000002.12(NM_001127207.2):c.1939A>C	NC_000002.12(NM_014140.4):c.1939A>C	N/A	N/A	False
SMARCAL1	S0014	c.2542G>T	c_hgvs		NC_000002.12(NM_001127207.2):c.2542G>T	NC_000002.12(NM_014140.4):c.2542G>T	N/A	N/A	False
SMARCAL1	S0015	c.2542G>T	c_hgvs		NC_000002.12(NM_001127207.2):c.2542G>T	NC_000002.12(NM_014140.4):c.2542G>T	N/A	N/A	False
SMARCAL1	S0016	c.2291G>A	c_hgvs		NC_000002.12(NM_001127207.2):c.2291G>A	NC_000002.12(NM_014140.4):c.2291G>A	N/A	N/A	False
SMARCAL1	S0017	c.1933C>T	c_hgvs		NC_000002.12(NM_001127207.2):c.1933C>T	NC_000002.12(NM_014140.4):c.1933C>T	N/A	N/A	False
SMARCAL1	S0018	c.1940A>C	c_hgvs		NC_000002.12(NM_001127207.2):c.1940A>C	NC_000002.12(NM_014140.4):c.1940A>C	N/A	N/A	False
SMARCAL1	S0019	c.955C>T	c_hgvs		NC_000002.12(NM_001127207.2):c.955C>T	NC_000002.12(NM_014140.4):c.955C>T	N/A	N/A	False
SMARCAL1	S0020	c.1146_1147delAA	c_hgvs		NC_000002.12(NM_001127207.2):c.1146_1147del	NC_000002.12(NM_014140.4):c.1146_1147del	N/A	N/A	False
SMARCAL1	S0021	c.2542G>T	c_hgvs		NC_000002.12(NM_001127207.2):c.2542G>T	NC_000002.12(NM_014140.4):c.2542G>T	N/A	N/A	False
SMARCAL1	S0022	c.2542G>T	c_hgvs		NC_000002.12(NM_001127207.2):c.2542G>T	NC_000002.12(NM_014140.4):c.2542G>T	N/A	N/A	False
SMARCAL1	S0023	c.1136A>C	c_hgvs		NC_000002.12(NM_001127207.2):c.1136A>C	NC_000002.12(NM_014140.4):c.1136A>C	N/A	N/A	False
SMARCAL1	S0024	c.1681C>T	c_hgvs		NC_000002.12(NM_001127207.2):c.1681C>T	NC_000002.12(NM_014140.4):c.1681C>T	N/A	N/A	False
SMARCAL1	S0025	c.1681C>T	c_hgvs		NC_000002.12(NM_001127207.2):c.1681C>T	NC_000002.12(NM_014140.4):c.1681C>T	N/A	N/A	False
SMARCAL1	S0026	c.2542G>T	c_hgvs		NC_000002.12(NM_001127207.2):c.2542G>T	NC_000002.12(NM_014140.4):c.2542G>T	N/A	N/A	False
SMARCAL1	S0027	c.2104T>G	c_hgvs		NC_000002.12(NM_001127207.2):c.2104T>G	NC_000002.12(NM_014140.4):c.2104T>G	N/A	N/A	False
SMARCAL1	S0028	c.1097-2A>G	c_hgvs		NC_000002.12(NM_001127207.2):c.1097-2A>G	NC_000002.12(NM_014140.4):c.1097-2A>G	N/A	N/A	False
SMARCAL1	S0029	c.1402G>C	c_hgvs		NC_000002.12(NM_001127207.2):c.1402G>C	NC_000002.12(NM_014140.4):c.1402G>C	N/A	N/A	False
SMARCAL1	S0030	c.1736C>T	c_hgvs		NC_000002.12(NM_001127207.2):c.1736C>T	NC_000002.12(NM_014140.4):c.1736C>T	N/A	N/A	False
SMARCAL1	S0031	c.1000C>T	c_hgvs		NC_000002.12(NM_001127207.2):c.1000C>T	NC_000002.12(NM_014140.4):c.1000C>T	N/A	N/A	False
SMARCAL1	S0032	c.338_339insAGTCCAC	c_hgvs		NC_000002.12(NM_001127207.2):c.339_340insGTCCACA	NC_000002.12(NM_014140.4):c.339_340insGTCCACA	N/A	N/A	False
SMARCAL1	S0033	c.2263_2282delATCGATGGCTCCACCTCATC	c_hgvs		NC_000002.12(NM_001127207.2):c.2264_2283del	NC_000002.12(NM_014140.4):c.2264_2283del	N/A	N/A	False
SMARCAL1	S0034	c.1129G>C	c_hgvs		NC_000002.12(NM_001127207.2):c.1129G>C	NC_000002.12(NM_014140.4):c.1129G>C	N/A	N/A	False
SMARCAL1	S0035	c.1427G>A	c_hgvs		NC_000002.12(NM_001127207.2):c.1427G>A	NC_000002.12(NM_014140.4):c.1427G>A	N/A	N/A	False
SMARCAL1	S0036	c.1439C>T	c_hgvs		NC_000002.12(NM_001127207.2):c.1439C>T	NC_000002.12(NM_014140.4):c.1439C>T	N/A	N/A	False
SMARCAL1	S0037	c.2264T>G	c_hgvs		NC_000002.12(NM_001127207.2):c.2264T>G	NC_000002.12(NM_014140.4):c.2264T>G	N/A	N/A	False
SMARCAL1	S0038	c.2462T>G	c_hgvs		NC_000002.12(NM_001127207.2):c.2462T>G	NC_000002.12(NM_014140.4):c.2462T>G	N/A	N/A	False
SMARCAL1	S0039	c.836T>C	c_hgvs		NC_000002.12(NM_001127207.2):c.836T>C	NC_000002.12(NM_014140.4):c.836T>C	N/A	N/A	False
SMARCAL1	S0040	c.2542G>T	c_hgvs		NC_000002.12(NM_001127207.2):c.2542G>T	NC_000002.12(NM_014140.4):c.2542G>T	N/A	N/A	False
SMARCAL1	S0041	c.2542G>T	c_hgvs		NC_000002.12(NM_001127207.2):c.2542G>T	NC_000002.12(NM_014140.4):c.2542G>T	N/A	N/A	False
SMARCAL1	S0042	c.2542G>T	c_hgvs		NC_000002.12(NM_001127207.2):c.2542G>T	NC_000002.12(NM_014140.4):c.2542G>T	N/A	N/A	False
SMARCAL1	S0043	c.1682G>A	c_hgvs		NC_000002.12(NM_001127207.2):c.1682G>A	NC_000002.12(NM_014140.4):c.1682G>A	N/A	N/A	False
STIM1	S0001	c.406G>T	r_hgvs		NC_000011.10(NM_001382567.1):r.(406g>u)	NC_000011.10(NM_003156.3):r.(406g>u)	N/A	N/A	False
STIM1	S0001	c.406G>T	p_hgvs		NC_000011.10(NP_001369496.1):p.(Glu136Ter)	NC_000011.10(NP_003147.2):p.(Glu136Ter)	N/A	N/A	False
STIM1	S0002	c.406G>T	r_hgvs		NC_000011.10(NM_001382567.1):r.(406g>u)	NC_000011.10(NM_003156.3):r.(406g>u)	N/A	N/A	False
STIM1	S0002	c.406G>T	p_hgvs		NC_000011.10(NP_001369496.1):p.(Glu136Ter)	NC_000011.10(NP_003147.2):p.(Glu136Ter)	N/A	N/A	False
TAP1	T0001	c.639delC	r_hgvs		NG_011759.1(NM_000593.6):r.(639del)	NM_000593.6:r.(639del)	N/A	N/A	False
TAP1	T0001	c.639delC	p_hgvs		NG_011759.1(NP_000584.3):p.(Trp214GlyfsTer15)	NM_000593.6(NP_000584.3):p.(Trp214GlyfsTer15)	N/A	N/A	False
TAP1	T0003	c.1132C>T	r_hgvs		NG_011759.1(NM_000593.6):r.(1132c>u)	NM_000593.6:r.(1132c>u)	N/A	N/A	False
TAP1	T0003	c.1132C>T	p_hgvs		NG_011759.1(NP_000584.3):p.(Arg378Ter)	NM_000593.6(NP_000584.3):p.(Arg378Ter)	N/A	N/A	False
TAP1	T0004	c.1132C>T	r_hgvs		NG_011759.1(NM_000593.6):r.(1132c>u)	NM_000593.6:r.(1132c>u)	N/A	N/A	False
TAP1	T0004	c.1132C>T	p_hgvs		NG_011759.1(NP_000584.3):p.(Arg378Ter)	NM_000593.6(NP_000584.3):p.(Arg378Ter)	N/A	N/A	False
TAP1	T0005	c.1564C>T	r_hgvs		NG_011759.1(NM_000593.6):r.(1564c>u)	NM_000593.6:r.(1564c>u)	N/A	N/A	False
TAP1	T0005	c.1564C>T	p_hgvs		NG_011759.1(NP_000584.3):p.(Gln522Ter)	NM_000593.6(NP_000584.3):p.(Gln522Ter)	N/A	N/A	False
TAP1	T0006	c.1564C>T	r_hgvs		NG_011759.1(NM_000593.6):r.(1564c>u)	NM_000593.6:r.(1564c>u)	N/A	N/A	False
TAP1	T0006	c.1564C>T	p_hgvs		NG_011759.1(NP_000584.3):p.(Gln522Ter)	NM_000593.6(NP_000584.3):p.(Gln522Ter)	N/A	N/A	False
TAP2	T0004	c.628C>T	r_hgvs		NG_009793.4(NM_001290043.2):r.(628c>u)	NM_001290043.2:r.(628c>u)	N/A	N/A	False
TAP2	T0004	c.628C>T	p_hgvs		NG_009793.4(NP_001276972.1):p.(Arg210Ter)	NM_001290043.2(NP_001276972.1):p.(Arg210Ter)	N/A	N/A	False
